크롤링시간,지역,가게이름,아이디,몇시간전,주문내용,댓글,맛,양,배달,사장,사진주소
15시간 전,서초동,페리카나-서초동점,rp**님,15시간 전,양념 치킨/1,"치킨은 너무 맛잇는데 제발 배달 요청사항좀 지켜주세요. 자정이 다 되는 시간에 초인종 계속 누르고, 문 쾅쾅하셨죠? 일부러 문자만 해달라고 부탁드렸습니다.",5,5,1,----사장님 답글이 없어요 ----,이미지는 없어요
20시간 전,서초동,페리카나-서초동점,gy**님,20시간 전,"순살양념 치킨/1(사이드 추가 선택(콜라 1.25L 변경)),츄러스치즈볼 5개/1",맛있어요 잘먹었습니다😀😀,5,5,5,----사장님 답글이 없어요 ----,https://rev-static.yogiyo.co.kr/c1d52f48b8475c4dd057ef588876e580_tn.jpg
어제,서초동,페리카나-서초동점,mi**님,어제,반반（후라이드 반＋양념 반）/1(치킨 선택(순살 치킨)),페리카나 순살 한번 먹어보고 쭉 이것만 먹어요그리고 다른 지점에 비해 서초점이 특히 더 맛있습니다환상적인 튀김옷에 바삭바삭함이 정말 최고입니다,5,5,5,----사장님 답글이 없어요 ----,https://rev-static.yogiyo.co.kr/6721c0731636a42977eceb99c7380e91_tn.jpg
4일 전,서초동,페리카나-서초동점,jn**님,4일 전,반반（후라이드 반＋양념 반）/1(치킨 선택(순살 치킨)),배달비가 예전엔 2천원이었는데 3천으로 올랐네요...최애치킨인데 배달비가..,5,5,5,----사장님 답글이 없어요 ----,https://rev-static.yogiyo.co.kr/a9c3c33c319474032243b5ff35599bf9_tn.jpg
2021년 10월 26일,서초동,페리카나-서초동점,se**님,2021년 10월 26일,순살양념 치킨/1,ㅠㅠㅠㅠㅠㅠ 늘 맛있어요. 차암나. 맛있음을 항상 유지하는 거 진짜 어렵잖아요? 근데 여기 페리카나 앵념 순살은 늘 맛있음~~~~~~,5,5,5,----사장님 답글이 없어요 ----,https://rev-static.yogiyo.co.kr/6512890deb468496ef53e5cfa8b66596_tn.jpg
2021년 10월 17일,서초동,페리카나-서초동점,un**님,2021년 10월 17일,"순살양념 치킨/1,순살간장 치킨/1",너~~~~무 맛있어요! 감사히 잘 먹었습니다.,5,5,5,----사장님 답글이 없어요 ----,이미지는 없어요
2021년 10월 10일,서초동,페리카나-서초동점,in**님,2021년 10월 10일,순살양념 치킨/1(사이드 추가 선택(페리치즈볼 5개 추가)),양념은 역시 페리카나네요.,5,5,5,----사장님 답글이 없어요 ----,이미지는 없어요
2021년 10월 10일,서초동,페리카나-서초동점,ha**님,2021년 10월 10일,"반반（후라이드 반＋양념 반）/1(치킨 선택(순살 치킨),사이드 추가 선택(무 추가))",맛있어요~~~~!!!!,5,5,5,----사장님 답글이 없어요 ----,https://rev-static.yogiyo.co.kr/207f5b57403fffbdd1e5730ac412e05f_tn.jpg
2021년 10월 9일,서초동,페리카나-서초동점,sh**님,2021년 10월 9일,양념 치킨/1,여윽시양념치킨은 ㅍㄹㅋㄴ,5,4,5,----사장님 답글이 없어요 ----,이미지는 없어요
2021년 10월 9일,서초동,페리카나-서초동점,ti**님,2021년 10월 9일,반반（후라이드 반＋양념 반）/1(치킨 선택(순살 치킨)),맛있게 잘 먹었습니다.,5,5,5,----사장님 답글이 없어요 ----,https://rev-static.yogiyo.co.kr/7b297755609eb2687034c934883f7d79_tn.jpg
2021년 10월 8일,서초동,페리카나-서초동점,ep**님,2021년 10월 8일,반반（후라이드 반＋양념 반）/1(치킨 선택(뼈있는 치킨)),맛있게 잘 먹었습니다.,5,5,5,----사장님 답글이 없어요 ----,https://rev-static.yogiyo.co.kr/47730ec837729496b6d065851a4a7035_tn.jpg
2021년 10월 8일,서초동,페리카나-서초동점,ko**님,2021년 10월 8일,B세트（후라이드＋양념치킨＋콜라 1.25L）/1,항상 변하지 않는 페리카나자주 먹어도 맛있네요.번창하세요,5,5,5,----사장님 답글이 없어요 ----,이미지는 없어요
2021년 10월 7일,서초동,페리카나-서초동점,he**님,2021년 10월 7일,B세트（후라이드＋양념치킨＋콜라 1.25L）/1,"제가 먹어본 페리카나 중에 제일 맛있는 곳 같아요. 이사온지 얼마 안되었는데 이전에 자주 시켜먹었던 지점하고 맛이 많이 달라요. 여기가 닭을 좋은 닭을 사용하시는건지 닭 크기가 달라서인지 잘 모르겠지만 한 입 먹었는데 닭 맛이 다른게 느껴졌어요. 살도 많고, 살이 엄청 부드러운 맛이에요. :)",5,5,5,----사장님 답글이 없어요 ----,https://rev-static.yogiyo.co.kr/357b4e574fa3fcfb266baedfbd87240f_tn.jpg
2021년 10월 5일,서초동,페리카나-서초동점,ki**님,2021년 10월 5일,양념 치킨/1,맛있게 잘 먹었어요. 배달 빨리 와서 놀랬어요. 덕분에 뜨거운 치킨을 먹으니까 좋네요.,5,5,5,----사장님 답글이 없어요 ----,https://rev-static.yogiyo.co.kr/8de2bc81d789474cd156c14db7244df7_tn.jpg
2021년 10월 5일,서초동,페리카나-서초동점,10**님,2021년 10월 5일,반반（후라이드 반＋양념 반）/1(치킨 선택(뼈있는 치킨)),지금까지 근처에서 시킨 치킨 중에 제일 맛있었어요♡ 퇴근 늦게하면 다 문 닫아서 시킬 데가 없었는데 영업도 늦게까지 하고 너무 좋아요♡배달도 빠르고 넘 맛있습니다♡,5,5,5,----사장님 답글이 없어요 ----,https://rev-static.yogiyo.co.kr/fead6351f2b46c01301c7b802b0fa248_tn.jpg
2021년 9월 21일,서초동,페리카나-서초동점,jn**님,2021년 9월 21일,반반（후라이드 반＋양념 반）/1(치킨 선택(순살 치킨)),여기서 자주 시키는데.. 엥????후라이드가 훨씬 더 많아보였어요.,5,5,5,----사장님 답글이 없어요 ----,https://rev-static.yogiyo.co.kr/eeeed370553148252c8712d250561c8b_tn.jpg
2021년 9월 16일,서초동,페리카나-서초동점,di**님,2021년 9월 16일,반반（후라이드 반＋양념 반）/1(치킨 선택(순살 치킨)),너무 맛있어서 정신없이 먹다보니 후라이드만 찍었네요ㅎㅎ,5,5,5,----사장님 답글이 없어요 ----,https://rev-static.yogiyo.co.kr/66266cc4e25979855a095b08701774e0_tn.jpg
2021년 9월 16일,서초동,페리카나-서초동점,cs**님,2021년 9월 16일,반반（후라이드 반＋양념 반）/1(치킨 선택(순살 치킨)),여기가 다리100프로라 제일 좋아요,5,5,5,----사장님 답글이 없어요 ----,https://rev-static.yogiyo.co.kr/64662ae40ef1833221544fbcd733aa8a_tn.jpg
2021년 9월 16일,서초동,페리카나-서초동점,ya**님,2021년 9월 16일,B세트（후라이드＋양념치킨＋콜라 1.25L）/1,맛있어요. 제가 느끼는 이 맛을 맛있는데 말로 표현못해 짧게 씁니다!,5,5,5,----사장님 답글이 없어요 ----,이미지는 없어요
2021년 9월 15일,서초동,페리카나-서초동점,hy**님,2021년 9월 15일,반반（후라이드 반＋양념 반）/1(치킨 선택(뼈있는 치킨)),맛있어요ㅎㅎ 옛날 추억의 맛,5,5,5,----사장님 답글이 없어요 ----,이미지는 없어요
2021년 9월 15일,서초동,페리카나-서초동점,se**님,2021년 9월 15일,순살양념 치킨/1,너무 맛있어서 2만원이 아깝지않아요~~~~~~,5,5,5,----사장님 답글이 없어요 ----,https://rev-static.yogiyo.co.kr/9298102c923398bab5051a52f3a4a491_tn.jpg
2021년 9월 14일,서초동,페리카나-서초동점,sc**님,2021년 9월 14일,E세트（후라이드＋떡양념치킨＋콜라 1.25L）/1,양념은 페리카나가 진리,5,5,5,----사장님 답글이 없어요 ----,이미지는 없어요
2021년 9월 13일,서초동,페리카나-서초동점,be**님,2021년 9월 13일,반반（후라이드 반＋양념 반）/1(치킨 선택(순살 치킨)),항상 배달이 빨리와요 ㅎㅎ,5,5,5,----사장님 답글이 없어요 ----,https://rev-static.yogiyo.co.kr/76cc95c538f665dfc410f54dca4fde88_tn.jpg
2021년 9월 13일,서초동,페리카나-서초동점,jw**님,2021년 9월 13일,순살양념 치킨/1,맛잇어요 순살도 전부 닭다리살이여서 좋아요,5,5,5,----사장님 답글이 없어요 ----,이미지는 없어요
2021년 9월 12일,서초동,페리카나-서초동점,jn**님,2021년 9월 12일,반반（후라이드 반＋양념 반）/1(치킨 선택(순살 치킨)),최애 치킨입니다 페리카나,5,5,5,----사장님 답글이 없어요 ----,https://rev-static.yogiyo.co.kr/b465a526f74955950401da698e4d38fb_tn.jpg
2021년 9월 11일,서초동,페리카나-서초동점,da**님,2021년 9월 11일,A세트（후라이드＋후라이드＋콜라 1.25L）/1,너무 맛있게 잘먹었습니다,5,5,5,----사장님 답글이 없어요 ----,https://rev-static.yogiyo.co.kr/fd12c1bdb343b1138fd08312c3de8910_tn.jpg
2021년 9월 11일,서초동,페리카나-서초동점,mi**님,2021년 9월 11일,"다리＋날개/1(다리＋날개 소스 선택(양념)),파 추가/1",역시 양념은 페리카나,5,5,5,----사장님 답글이 없어요 ----,https://rev-static.yogiyo.co.kr/ad8eea8f3b01fa799b6485e81f81027d_tn.jpg
2021년 9월 10일,서초동,페리카나-서초동점,co**님,2021년 9월 10일,순살양념 치킨/1,페리카나 중 여기 지점이 제일 맛있는 거 같아요 불금에치킨을 맛있게 먹었어요 ♡,5,5,5,----사장님 답글이 없어요 ----,https://rev-static.yogiyo.co.kr/8360767404de2482b7bffd488545f48f_tn.jpg
2021년 9월 10일,서초동,페리카나-서초동점,gy**님,2021년 9월 10일,순살양념 치킨/1,예상보다 일찍도착했어요겉은 바삭바삭 속은촉촉하고 부드러워요닭강정같은 양념치킨순살이 정말 입맛에 맞아요역시 국내산 순살이맛있어요 순살매니아고매운맛을 못먹는데 정말 맛깔나게 먹었어요,5,5,5,----사장님 답글이 없어요 ----,https://rev-static.yogiyo.co.kr/7a0745942db6caf46426653562463989_tn.jpg
2021년 9월 10일,서초동,페리카나-서초동점,bl**님,2021년 9월 10일,반반（후라이드 반＋양념 반）/1(치킨 선택(뼈있는 치킨)),요청사항도 잘 들어주시고 잘 먹었습니다,5,5,0,----사장님 답글이 없어요 ----,이미지는 없어요
2021년 9월 10일,서초동,페리카나-서초동점,vf**님,2021년 9월 10일,후라이드 치킨/1,걍 말이필요없음 쵝오🥰,5,5,5,----사장님 답글이 없어요 ----,이미지는 없어요
2021년 9월 10일,서초동,페리카나-서초동점,jk**님,2021년 9월 10일,양념 치킨/1,맛있게 잘 먹었습니다,5,5,5,----사장님 답글이 없어요 ----,https://rev-static.yogiyo.co.kr/fbc0b02340f7fd08430a0703da1083df_tn.jpg
2021년 9월 10일,서초동,페리카나-서초동점,ys**님,2021년 9월 10일,반반（후라이드 반＋양념 반）/1(치킨 선택(뼈있는 치킨)),튀김 바삭하네요 치킨무도 맛나네요,4,4,5,----사장님 답글이 없어요 ----,https://rev-static.yogiyo.co.kr/415c989141b172190597e68a9bd3d65b_tn.jpg
2021년 9월 10일,서초동,페리카나-서초동점,ho**님,2021년 9월 10일,B세트（후라이드＋양념치킨＋콜라 1.25L）/1,배달도 빠르고 정말 맛있게 잘 먹었습니다리뷰 처음남겨봐요,5,5,5,----사장님 답글이 없어요 ----,https://rev-static.yogiyo.co.kr/4e7ede0d4b39a523f4824569bae25948_tn.jpg
2021년 9월 9일,서초동,페리카나-서초동점,ba**님,2021년 9월 9일,반반（후라이드 반＋양념 반）/1(치킨 선택(뼈있는 치킨)),후라이드 양념 반반 사랑해요!!,5,5,5,----사장님 답글이 없어요 ----,https://rev-static.yogiyo.co.kr/58d647fe79fbc0c797ff6dab4436e6ef_tn.jpg
2021년 9월 9일,서초동,페리카나-서초동점,sa**님,2021년 9월 9일,"반반（후라이드 반＋양념 반）/1(치킨 선택(뼈있는 치킨),사이드 추가 선택(치즈스틱（6조각）추가))",맛있는 치킨 너무 너무 잘 먹었습니다^^,5,5,5,----사장님 답글이 없어요 ----,이미지는 없어요
2021년 9월 4일,서초동,페리카나-서초동점,mi**님,2021년 9월 4일,반반（후라이드 반＋양념 반）/1(치킨 선택(순살 치킨)),교촌에서 멕시카나 순살 반반으로 갈아탔어요튀김 기름이 괜찮은건지 튀김옷이 비법이 있는건지프라이드 정말 진리입니다가슴살아니고 다리살이라서 너무 맛나요,5,5,5,----사장님 답글이 없어요 ----,이미지는 없어요
2021년 9월 4일,서초동,페리카나-서초동점,se**님,2021년 9월 4일,순살양념 치킨/1,짱 맛있음~~~~~,5,5,5,----사장님 답글이 없어요 ----,https://rev-static.yogiyo.co.kr/1cbb780f98ce056ab149d7fe79f46181_tn.jpg
2021년 8월 26일,서초동,페리카나-서초동점,bf**님,2021년 8월 26일,후라이드 치킨/1,약간 시장통닭느낌이에요 맛있어요,4,4,5,----사장님 답글이 없어요 ----,https://rev-static.yogiyo.co.kr/63b70f37572c024ac5fb4a4fbab6b4ed_tn.jpg
2021년 8월 24일,서초동,페리카나-서초동점,sk**님,2021년 8월 24일,B세트（후라이드＋양념치킨＋콜라 1.25L）/1,"페리카나 특히 이지점이 맛난거 같아요한마리는 부족해서늘 2마리 세트 시키는데.사장님도 친절하시고,맛도 정말 좋아서,늘 시켜먹고 있지요.완전 강추 맛이에요~^^",5,5,5,----사장님 답글이 없어요 ----,이미지는 없어요
2021년 8월 22일,서초동,페리카나-서초동점,yo**님,2021년 8월 22일,반반（후라이드 반＋양념 반）/1(치킨 선택(뼈있는 치킨)),전통치킨의맛그자체입니다,4,4,4,----사장님 답글이 없어요 ----,이미지는 없어요
2021년 8월 20일,서초동,페리카나-서초동점,ms**님,2021년 8월 20일,3세트（순살양념＋순살간장＋콜라 1.25L）/1(사이드 추가 선택(무 추가)),맛있쩌용 헤헤 ㅎㅎ,5,5,5,----사장님 답글이 없어요 ----,이미지는 없어요
2021년 8월 19일,서초동,페리카나-서초동점,sh**님,2021년 8월 19일,"핫데블치킨/1,생맥주 1000cc/1",적당히 매콤해서 술안주로 딱이더라구요 잘먹었습니다^^,5,5,5,----사장님 답글이 없어요 ----,https://rev-static.yogiyo.co.kr/b3701b0342fee3bc1963822e42135677_tn.jpg
2021년 8월 17일,서초동,페리카나-서초동점,   손님,2021년 8월 17일,"반반（후라이드 반＋양념 반）/1(치킨 선택(뼈있는 치킨),사이드 추가 선택(무 추가,콜라 1.25L 변경))",구영동중 뒤출입문. 83년도. 그때 수업휴게시간10분사이 매점이 ㅋ 초스피드런닝.3층에서 돈떤짐 받아 사다주고 대난리였던 뒤매점 담넘어 코너가게 현 페리카나.요술공주 페리카나♬♭♪♬♪♩,5,5,5,----사장님 답글이 없어요 ----,이미지는 없어요
2021년 8월 15일,서초동,페리카나-서초동점,cc**님,2021년 8월 15일,반반（후라이드 반＋양념 반）/1(치킨 선택(순살 치킨)),페리카나 치킨은 친숙하게 맛있는 맛이네요 ㅋㅋ,5,5,5,----사장님 답글이 없어요 ----,https://rev-static.yogiyo.co.kr/1f7843bcbb0b433545eec35721b3c424_tn.jpg
2021년 8월 15일,서초동,페리카나-서초동점,ep**님,2021년 8월 15일,양념 치킨/1,페리카나 양념이 가끔 생각나요 ㅎㅎ 이번에는 좀 달았는데 다음에 또 시키겠습니다.,4,4,4,----사장님 답글이 없어요 ----,https://rev-static.yogiyo.co.kr/b27bd56fd2cff1d43410835d95e7546c_tn.jpg
2021년 8월 15일,서초동,페리카나-서초동점,am**님,2021년 8월 15일,후라이드 치킨/1,진짜 오랜만에 먹으면 맛있는 브랜드 1위,5,5,5,----사장님 답글이 없어요 ----,이미지는 없어요
2021년 8월 15일,서초동,페리카나-서초동점,de**님,2021년 8월 15일,후라이드 치킨/1(사이드 추가 선택(사이다 1.25L 변경)),페리카나 맛있었어요 만족합니닿ㅎ,5,5,5,----사장님 답글이 없어요 ----,https://rev-static.yogiyo.co.kr/4012e946aee2ad5dea1137f7177ba080_tn.jpg
2021년 8월 15일,서초동,페리카나-서초동점,tk**님,2021년 8월 15일,반반（후라이드 반＋양념 반）/1(치킨 선택(순살 치킨)),맛있어요 좋습니다 만족,5,5,5,----사장님 답글이 없어요 ----,https://rev-static.yogiyo.co.kr/b8adec237643bd3d8a9d39f1a534825b_tn.jpg
2021년 8월 14일,서초동,페리카나-서초동점,da**님,2021년 8월 14일,A세트（후라이드＋후라이드＋콜라 1.25L）/1,맛있게 잘먹었습니다,5,5,5,----사장님 답글이 없어요 ----,https://rev-static.yogiyo.co.kr/a10760932f6e3f2c692cabff08f08b45_tn.jpg
2021년 8월 14일,서초동,페리카나-서초동점,os**님,2021년 8월 14일,순살강정 치킨/1,사장님 모두 친절하심 주방이 오픈되어있는 가게임,5,5,0,----사장님 답글이 없어요 ----,이미지는 없어요
2021년 8월 13일,서초동,페리카나-서초동점,44**님,2021년 8월 13일,순살양념 치킨/1,양념 시켜보고 맛있어서 이번엔 순살도 시켜봤어요,5,5,5,----사장님 답글이 없어요 ----,https://rev-static.yogiyo.co.kr/e3eac3e9cd2b59d061d95d850b348808_tn.jpg
2021년 8월 13일,서초동,페리카나-서초동점,kg**님,2021년 8월 13일,"후라이드 치킨/1,반반（후라이드 반＋양념 반）/1(치킨 선택(뼈있는 치킨))",맛있는 치킨 먹고 기분좋게 하루를 마무리 합니다,5,5,5,----사장님 답글이 없어요 ----,이미지는 없어요
2021년 8월 13일,서초동,페리카나-서초동점,gr**님,2021년 8월 13일,반반（후라이드 반＋양념 반）/1(치킨 선택(순살 치킨)),잘 익힌 깔끔한 치킨 먹고싶어서 좀 모호하지만 그렇게 만들어달라 부탁드렸는데 말 그대로! 정말 바싹 익힌 깔끔한 치킨이에요. 새벽이라 조금만 먹어야지 했다가 싹 다 먹었어요 최근 먹은 치킨들 중 최고! 흥하세요!!,5,5,5,----사장님 답글이 없어요 ----,https://rev-static.yogiyo.co.kr/216abdadfc99421160784059711cbcc4_tn.jpg
2021년 8월 13일,서초동,페리카나-서초동점,po**님,2021년 8월 13일,"다리＋날개/1(다리＋날개 소스 선택(양념)),생맥주 1000cc/1",호로로롤하묘ㅣ오리ㅡ로,4,5,5,----사장님 답글이 없어요 ----,이미지는 없어요
2021년 8월 13일,서초동,페리카나-서초동점,tl**님,2021년 8월 13일,순살양념 치킨/1,양은 좀 적었지만 맛있네요,5,5,5,----사장님 답글이 없어요 ----,https://rev-static.yogiyo.co.kr/1dfd898e21fb9a5cd804c62c7493511d_tn.jpg
2021년 8월 13일,서초동,페리카나-서초동점,yj**님,2021년 8월 13일,순살양념 치킨/1,"늦은 밤 시켰는데, 빠른 배송 감사합니다",4,4,4,----사장님 답글이 없어요 ----,https://rev-static.yogiyo.co.kr/0aeed2266e395f99c8bc29c3b529889c_tn.jpg
2021년 8월 12일,서초동,페리카나-서초동점,wl**님,2021년 8월 12일,후라이드 치킨/1,배달도 빠루고 맛있어요,5,5,5,----사장님 답글이 없어요 ----,https://rev-static.yogiyo.co.kr/da6f3dada95962cbfdc1bd4680dcf3a3_tn.jpg
2021년 8월 12일,서초동,페리카나-서초동점,bi**님,2021년 8월 12일,"반반（후라이드 반＋양념 반）/1(치킨 선택(뼈있는 치킨),사이드 추가 선택(무 추가))",페리카나 서초점은 확실히 다른곳보다 맛잇어요! 존맛탱,5,5,5,----사장님 답글이 없어요 ----,이미지는 없어요
2021년 8월 12일,서초동,페리카나-서초동점,ji**님,2021년 8월 12일,"후라이드 치킨/1(사이드 추가 선택(무 추가,양념소스추가))",감사합니다 맛있게 잘먹었습니다 😊,5,5,5,----사장님 답글이 없어요 ----,이미지는 없어요
2021년 8월 12일,서초동,페리카나-서초동점,sa**님,2021년 8월 12일,"반반（후라이드 반＋양념 반）/1(치킨 선택(뼈있는 치킨),사이드 추가 선택(콜라 500mL 변경))",후라이드 부드럽고 양념도 맛있어요 ㅎㅎ,5,5,5,----사장님 답글이 없어요 ----,https://rev-static.yogiyo.co.kr/8fe10fbcfa72ff6b481fd195aabf2497_tn.jpg
2021년 8월 10일,서초동,페리카나-서초동점,be**님,2021년 8월 10일,"반반（후라이드 반＋양념 반）/1(치킨 선택(순살 치킨),사이드 추가 선택(페리치즈볼 5개 추가))",항상 맛있어요 배달도 빠르고,5,5,5,----사장님 답글이 없어요 ----,https://rev-static.yogiyo.co.kr/6047df94cda192993b96751abe0d6573_tn.jpg
2021년 7월 27일,서초동,페리카나-서초동점,an**님,2021년 7월 27일,"반반（후라이드 반＋양념 반）/1(치킨 선택(순살 치킨),사이드 추가 선택(콜라 500mL 변경,떡사리 추가))",너무 맛있습니다.👍🏻👍🏻👍🏻,5,5,5,----사장님 답글이 없어요 ----,https://rev-static.yogiyo.co.kr/6021071f973f3e16f93f572bfc4e1c65_tn.jpg
2021년 7월 27일,서초동,페리카나-서초동점,de**님,2021년 7월 27일,순살양념 치킨/1,맛있 ㅇㅇ,5,5,1,----사장님 답글이 없어요 ----,이미지는 없어요
2021년 7월 26일,서초동,페리카나-서초동점,js**님,2021년 7월 26일,"후라이드 치킨/1,양념 치킨/1,국물떡볶이/1,떡사리 추가/2",너무  너무 맛있어요  특히  닭 집에서  뭔  떡볶이인가 했는데  치킨 맛있는건 알았지만  떡볶이도 최고입니다,5,5,5,----사장님 답글이 없어요 ----,https://rev-static.yogiyo.co.kr/e76906fb14a09dfb4a116e2370abff85_tn.jpg
2021년 7월 25일,서초동,페리카나-서초동점,44**님,2021년 7월 25일,양념 치킨/1,배달이 빠르게 잘 와서 양념인데도 튀김옷이 바삭바삭하게 와서 잘 먹었습니다. 맛은 다 아는 그맛,5,5,5,----사장님 답글이 없어요 ----,이미지는 없어요
2021년 7월 25일,서초동,페리카나-서초동점,js**님,2021년 7월 25일,"양념 치킨/1(사이드 추가 선택(국물떡볶이 추가,떡사리 추가))",잘 먹었습니다   빠른배송해주심  더감사하겠습니다,5,5,5,----사장님 답글이 없어요 ----,이미지는 없어요
2021년 7월 25일,서초동,페리카나-서초동점,ml**님,2021년 7월 25일,"반반（후라이드 반＋양념 반）/1(치킨 선택(뼈있는 치킨),사이드 추가 선택(페리치즈볼 5개 추가))",잘먹었습니다아👍👍👍,5,5,5,----사장님 답글이 없어요 ----,https://rev-static.yogiyo.co.kr/6bb616f5a1c3f13478e66875b88ff1da_tn.jpg
2021년 7월 24일,서초동,페리카나-서초동점,ch**님,2021년 7월 24일,순살후라이드 치킨/1,ㅎㅎㅎㅎㅎㅎ좋아요ㅎㅎㅎㅎ,5,5,5,----사장님 답글이 없어요 ----,이미지는 없어요
2021년 7월 24일,서초동,페리카나-서초동점,ss**님,2021년 7월 24일,순살후라이드 치킨/1,닭다리살로만 순살이 구성되어  맛있어요.,5,5,5,----사장님 답글이 없어요 ----,https://rev-static.yogiyo.co.kr/93577c9a2c3370b69367b553a0d87f78_tn.jpg
2021년 7월 20일,서초동,페리카나-서초동점,yj**님,2021년 7월 20일,순살양념 치킨/1(사이드 추가 선택(떡사리 추가)),와 진짜 맛있습니다! 앞으로 양념은 페리카나 입니다!,5,5,5,----사장님 답글이 없어요 ----,https://rev-static.yogiyo.co.kr/2c4cf4084e63a57946c3c97dca3036c5_tn.jpg
2021년 7월 17일,서초동,페리카나-서초동점,th**님,2021년 7월 17일,순살양념 치킨/1,항상 맛있게 먹습니다 계속 잘 부탁드려요!!,5,5,5,----사장님 답글이 없어요 ----,https://rev-static.yogiyo.co.kr/c3f938a266ca641bb152000b2eeec674_tn.jpg
2021년 7월 17일,서초동,페리카나-서초동점,ju**님,2021년 7월 17일,순살후라이드 치킨/1,다리살이라기엔 조금 퍽퍽했습니다.뼈닭이 더 맛있을것 같아요!,5,5,5,----사장님 답글이 없어요 ----,https://rev-static.yogiyo.co.kr/d9c0e0867aecacb2736634ca4456fc99_tn.jpg
2021년 7월 17일,서초동,페리카나-서초동점,bl**님,2021년 7월 17일,후라이드 치킨/1,맛있게 잘 먹었어요,5,5,0,----사장님 답글이 없어요 ----,이미지는 없어요
2021년 7월 16일,서초동,페리카나-서초동점,da**님,2021년 7월 16일,B세트（후라이드＋양념치킨＋콜라 1.25L）/1,너무맛있게 먹었어요^^,5,5,5,----사장님 답글이 없어요 ----,이미지는 없어요
2021년 7월 16일,서초동,페리카나-서초동점,il**님,2021년 7월 16일,"반반（후라이드 반＋양념 반）/1(치킨 선택(순살 치킨),사이드 추가 선택(미니핫도그（2개）추가))",오랫만에 먹었는데 맛있게 잘먹었어요 후라이드 바삭바삭 맛있어용,5,5,5,----사장님 답글이 없어요 ----,https://rev-static.yogiyo.co.kr/eb66a540de1c9bfe5bfab4a7963357e5_tn.jpg
2021년 7월 16일,서초동,페리카나-서초동점,te**님,2021년 7월 16일,"반반（후라이드 반＋간장 반）/1(치킨 선택(뼈있는 치킨),사이드 추가 선택(무 추가))",배달은 빨리왔는데 무추가가 안왔어요,3,3,5,----사장님 답글이 없어요 ----,이미지는 없어요
2021년 7월 16일,서초동,페리카나-서초동점,js**님,2021년 7월 16일,양념 치킨/1,맛있네요 역시  양념치킨은 페리카나가 최고인듯,5,5,5,----사장님 답글이 없어요 ----,이미지는 없어요
2021년 7월 16일,서초동,페리카나-서초동점,kj**님,2021년 7월 16일,후라이드 치킨/1,맛도 배달도 신속정확하고 좋았어요,5,4,4,----사장님 답글이 없어요 ----,이미지는 없어요
2021년 7월 16일,서초동,페리카나-서초동점,re**님,2021년 7월 16일,"반반（후라이드 반＋양념 반）/1(치킨 선택(순살 치킨),사이드 추가 선택(페리치즈볼 5개 추가))",정말 맛있어요!! 잘 먹었습니다 ^ㅅ^,5,5,5,----사장님 답글이 없어요 ----,https://rev-static.yogiyo.co.kr/ec460f282bcb9f4e7a15bad785dfdc88_tn.jpg
2021년 7월 15일,서초동,페리카나-서초동점,ti**님,2021년 7월 15일,"반반（후라이드 반＋양념 반）/1(치킨 선택(순살 치킨),사이드 추가 선택(치즈스틱（6조각）추가))",이제 막 한건지 바삭바삭하고 너무 맛있어유,5,5,5,----사장님 답글이 없어요 ----,https://rev-static.yogiyo.co.kr/8b6c18a1d66154eae2bc66bcdd3d5867_tn.jpg
2021년 7월 15일,서초동,페리카나-서초동점,bl**님,2021년 7월 15일,순살매운양념치킨/1,기분좋게 매워서 맛있긴한데 배달비포함해서 23000원이라 쉽지않네요,5,5,5,----사장님 답글이 없어요 ----,https://rev-static.yogiyo.co.kr/6b2c6366955074be038737f6e7dfa953_tn.jpg
2021년 7월 15일,서초동,페리카나-서초동점,na**님,2021년 7월 15일,반반（후라이드 반＋양념 반）/1(치킨 선택(순살 치킨)),근처 매장들에 비해 늘 만족스러운 맛. 순살 메뉴 특성상 어쩔수 없지만 간혹 양이 아쉬울 때가 있음,5,4,5,----사장님 답글이 없어요 ----,이미지는 없어요
2021년 7월 15일,서초동,페리카나-서초동점,yg**님,2021년 7월 15일,순살후라이드 치킨/1,페리 순살은 처음인데 100퍼 닭다리 살이라 그런지 먹기도 좋았습니다. 잘 먹었습니다~,5,5,0,----사장님 답글이 없어요 ----,https://rev-static.yogiyo.co.kr/3a87100f341d9f3cfb43734aea267f91_tn.jpg
2021년 7월 14일,서초동,페리카나-서초동점,se**님,2021년 7월 14일,반반（후라이드 반＋양념 반）/1(치킨 선택(순살 치킨)),역시 페리카나는 서초점인거 같아요,5,5,5,----사장님 답글이 없어요 ----,https://rev-static.yogiyo.co.kr/162a28124bd9d034f722fe1c0d53e1ff_tn.jpg
2021년 7월 14일,서초동,페리카나-서초동점,py**님,2021년 7월 14일,반반（후라이드 반＋양념 반）/1(치킨 선택(순살 치킨)),맛있게 잘먹었어요~,5,5,5,----사장님 답글이 없어요 ----,이미지는 없어요
2021년 7월 11일,서초동,페리카나-서초동점,ge**님,2021년 7월 11일,"양념 치킨/1,페리치즈볼 5개/1,콜라 500mL/1",너무 맛있어요 최고입니당,5,5,5,----사장님 답글이 없어요 ----,이미지는 없어요
2021년 7월 11일,서초동,페리카나-서초동점,hs**님,2021년 7월 11일,"반반（후라이드 반＋양념 반）/1(치킨 선택(뼈있는 치킨),사이드 추가 선택(콜라 500mL 변경,떡사리 추가))",치킨은 역시 페리카나,5,5,5,----사장님 답글이 없어요 ----,이미지는 없어요
2021년 7월 7일,서초동,페리카나-서초동점,mu**님,2021년 7월 7일,"반반（간장 반＋마늘 반）/1(치킨 선택(순살 치킨)),생맥주 1000cc/2",페리카나 정말 맛있어요~생맥주 시원합니다~,5,5,5,----사장님 답글이 없어요 ----,https://rev-static.yogiyo.co.kr/ef4d152961f7f584568c2dc93daacade_tn.jpg
2021년 7월 3일,서초동,페리카나-서초동점,mu**님,2021년 7월 3일,"반반（후라이드 반＋마늘 반）/1(치킨 선택(순살 치킨),사이드 추가 선택(파 추가))",항상 맛있습니다^^,5,5,5,----사장님 답글이 없어요 ----,https://rev-static.yogiyo.co.kr/0f9f2efc2426a0bd30e496cf98d86723_tn.jpg
2021년 6월 29일,서초동,페리카나-서초동점,ou**님,2021년 6월 29일,순살양념 치킨/1,맛있음. 배달빠름.,5,5,5,----사장님 답글이 없어요 ----,이미지는 없어요
2021년 6월 22일,서초동,페리카나-서초동점,ji**님,2021년 6월 22일,반반（후라이드 반＋양념 반）/1(치킨 선택(뼈있는 치킨)),음식도 깔끔하게 맛있고 배달도 빨랐어요 굿,5,5,5,----사장님 답글이 없어요 ----,https://rev-static.yogiyo.co.kr/5f44d084aeacbd0e86b409c9d92631b7_tn.jpg
2021년 6월 21일,서초동,페리카나-서초동점,se**님,2021년 6월 21일,반반（후라이드 반＋양념 반）/1(치킨 선택(순살 치킨)),배달도 빠르고 맛있습니다,5,5,5,----사장님 답글이 없어요 ----,https://rev-static.yogiyo.co.kr/8e5163d42227c0b2f7bfa6167cffc842_tn.jpg
2021년 6월 18일,서초동,페리카나-서초동점,se**님,2021년 6월 18일,반반（후라이드 반＋양념 반）/1(치킨 선택(순살 치킨)),맛있어용~~~~~~페리카나 소스 너무 조와,5,5,5,----사장님 답글이 없어요 ----,이미지는 없어요
2021년 6월 14일,서초동,페리카나-서초동점,ca**님,2021년 6월 14일,순살후라이드 치킨/1(사이드 추가 선택(사이다500mL 변경)),맛있고 너무 기름지지않아서 좋아요 보통 전 후라이드만 좋아하는데 여긴 반반치킨도 추천드립니다.,5,5,5,----사장님 답글이 없어요 ----,이미지는 없어요
2021년 6월 8일,서초동,페리카나-서초동점,ri**님,2021년 6월 8일,반반（후라이드 반＋양념 반）/1(치킨 선택(뼈있는 치킨)),닭 너무작아요 할인이벤트때라 그런거에요? 교촌인줄,4,1,4,----사장님 답글이 없어요 ----,이미지는 없어요
2021년 6월 6일,서초동,페리카나-서초동점,ss**님,2021년 6월 6일,반반（후라이드 반＋양념 반）/1(치킨 선택(뼈있는 치킨)),예전 그맛그대로네요잘먹었어요,5,5,5,----사장님 답글이 없어요 ----,https://rev-static.yogiyo.co.kr/eba95b5e56243dfe944492feda0184a4_tn.jpg
2021년 6월 5일,서초동,페리카나-서초동점,op**님,2021년 6월 5일,"반반（후라이드 반＋양념 반）/1(치킨 선택(뼈있는 치킨),사이드 추가 선택(무 추가)),콜라 1.25L/1",전통의 맛! 후라이드반 양념반은 진리!,5,5,5,----사장님 답글이 없어요 ----,이미지는 없어요
2021년 6월 4일,서초동,페리카나-서초동점,pt**님,2021년 6월 4일,"반반（후라이드 반＋양념 반）/1(치킨 선택(순살 치킨)),생맥주 1000cc/2",순살 양념반 후라이드반 순삭했습니다,5,5,5,----사장님 답글이 없어요 ----,이미지는 없어요
2021년 6월 2일,서초동,페리카나-서초동점,   손님,2021년 6월 2일,반반（후라이드 반＋양념 반）/1(치킨 선택(뼈있는 치킨)),치키는 인생의 진리지,5,5,5,----사장님 답글이 없어요 ----,이미지는 없어요
2021년 5월 31일,서초동,페리카나-서초동점,ne**님,2021년 5월 31일,후라이드 치킨/1,너무 맛있어요 계속 먹을듯,4,4,5,----사장님 답글이 없어요 ----,이미지는 없어요
2021년 5월 30일,서초동,페리카나-서초동점,si**님,2021년 5월 30일,양념치킨（싱글）/1(사이드 추가 선택(양념소스추가)),진짜 예전맛 그대로~~ 서초점이ㅜ역시 맛나네요프라이드도 맛나지만~ 오늘은 혼자로 혼자라 식어도 맛있는 양념으로~~*,5,5,5,----사장님 답글이 없어요 ----,이미지는 없어요
2021년 5월 26일,서초동,페리카나-서초동점,Do**님,2021년 5월 26일,반반（후라이드 반＋양념 반）/1(치킨 선택(뼈있는 치킨)),겉바 속촉...기름을 좋은걸쓰나봅니다 깔끔하니 좋아요,5,5,5,----사장님 답글이 없어요 ----,https://rev-static.yogiyo.co.kr/6a905245c09aaba7ece21b7d0ff50ef9_tn.jpg
2021년 5월 26일,서초동,페리카나-서초동점,ja**님,2021년 5월 26일,양념 치킨/1,"너무 맛있어서 사진 못찍었어요,,, ㅠㅠ역시 페리카나는 양념치킨이죠 ᕕ( ᐛ )ᕗ 배달도 빠르고 여쭤볼게 있어서 전화했는데 너무 친절하시고,,,,다이어트는 역시 내일부터ㅋㅋㅋㅋ큐ㅠㅠㅠㅠ",5,5,5,----사장님 답글이 없어요 ----,이미지는 없어요
2021년 5월 24일,서초동,페리카나-서초동점,te**님,2021년 5월 24일,반반（후라이드 반＋양념 반）/1(치킨 선택(뼈있는 치킨)),페리카나가 최고..!!,5,5,5,----사장님 답글이 없어요 ----,이미지는 없어요
2021년 5월 22일,서초동,페리카나-서초동점,wy**님,2021년 5월 22일,순살양념 치킨/1(사이드 추가 선택(떡사리 추가)),항상 맛도최고  깨끗하고  최고예요 👍,5,5,5,----사장님 답글이 없어요 ----,이미지는 없어요
2021년 5월 22일,서초동,페리카나-서초동점,ni**님,2021년 5월 22일,골뱅이무침＋소면/1,이번엔 양과 맛 모두 만족했습니다~!골뱅이무침 리뷰는 거의 제가 남긴 것같은데ㅋ실제로 먹고 남기는 평이라골뱅이무침 드시고 싶으시면 여기서 시켜드시면 돼요.저도 또 주문할게요~!,5,5,5,----사장님 답글이 없어요 ----,이미지는 없어요
2021년 5월 21일,서초동,페리카나-서초동점,ir**님,2021년 5월 21일,반반（후라이드 반＋양념 반）/1(치킨 선택(뼈있는 치킨)),완전 맛있었어요 ㅎㅎ,5,5,5,----사장님 답글이 없어요 ----,https://rev-static.yogiyo.co.kr/91d417ab9aadcc2a99ca97c7ffc7469e_tn.jpg
2021년 5월 20일,서초동,페리카나-서초동점,ju**님,2021년 5월 20일,순살양념 치킨/1,항상 맛있게 먹고있어요. 양념이 적지도 과하지도 않아 좋아요.,5,5,4,----사장님 답글이 없어요 ----,이미지는 없어요
2021년 5월 19일,서초동,페리카나-서초동점,sp**님,2021년 5월 19일,반반（후라이드 반＋양념 반）/1(치킨 선택(뼈있는 치킨)),와 역시 맛있습니다..,5,5,5,----사장님 답글이 없어요 ----,https://rev-static.yogiyo.co.kr/8196e675097a3a677138ceec4110c635_tn.jpg
2021년 5월 15일,서초동,페리카나-서초동점,tr**님,2021년 5월 15일,양념 치킨/1,어릴적부터 먹던 그 맛~,5,5,5,----사장님 답글이 없어요 ----,https://rev-static.yogiyo.co.kr/6480bcee8bf4c265013cbe24d7b4566c_tn.jpg
2021년 5월 15일,서초동,페리카나-서초동점,th**님,2021년 5월 15일,순살양념 치킨/1(사이드 추가 선택(파 추가)),또시켜먹었습니다ㅋㅋㅋ너무맛있어요ㅋㅋ이번에는 파추가도 해서ㅋㅋㅋ앞으로도 맛있는 음식 계속 잘 부탁드립니다,5,5,5,----사장님 답글이 없어요 ----,https://rev-static.yogiyo.co.kr/3edc81394cef320626f46dd6e1d8f29c_tn.jpg
2021년 5월 12일,서초동,페리카나-서초동점,po**님,2021년 5월 12일,B세트（후라이드＋양념치킨＋콜라 1.25L）/1,치킨은 페리카나! 끝😎,5,5,5,----사장님 답글이 없어요 ----,이미지는 없어요
2021년 5월 8일,서초동,페리카나-서초동점,wy**님,2021년 5월 8일,반반（후라이드 반＋양념 반）/1(치킨 선택(뼈있는 치킨)),깔끔하고 맛도 최고예요 👍,5,5,5,----사장님 답글이 없어요 ----,이미지는 없어요
2021년 5월 6일,서초동,페리카나-서초동점,th**님,2021년 5월 6일,순살양념 치킨/1,며칠전에 먹고 또 시켜먹었습니다ㅎㅎㅎ 양념은 정말 진리입니다 앞으로도 계속 잘 부탁드립니다!,5,5,5,----사장님 답글이 없어요 ----,https://rev-static.yogiyo.co.kr/6a7976a355834eb32aebe75525a91264_tn.jpg
2021년 5월 4일,서초동,페리카나-서초동점,bl**님,2021년 5월 4일,순살양념 치킨/1(사이드 추가 선택(파 추가)),너무너무 맛있게 먹었어요~~!강추합니다~!!!,5,5,0,----사장님 답글이 없어요 ----,https://rev-static.yogiyo.co.kr/83c52654489f4ab8dbd31e4571164a28_tn.jpg
2021년 5월 3일,서초동,페리카나-서초동점,ko**님,2021년 5월 3일,후라이드치킨（싱글）/1(사이드 추가 선택(사이다 1.25L 변경)),싱글 좋습니다!!!!,5,5,5,----사장님 답글이 없어요 ----,이미지는 없어요
2021년 5월 2일,서초동,페리카나-서초동점,th**님,2021년 5월 2일,순살양념 치킨/1,양념은 페리카나죠 배달도 맛도 좋았습니다 앞으로도 계속 좋은 음식 잘 부탁드립니다!,5,5,5,----사장님 답글이 없어요 ----,https://rev-static.yogiyo.co.kr/5700d63d980c874bf92a8ea2c0bee282_tn.jpg
2021년 5월 2일,서초동,페리카나-서초동점,ju**님,2021년 5월 2일,순살양념 치킨/1,맛있게 잘 먹었어요~ 양념이 너무 과하지도 적지도않아 딱 좋습니다^^,5,5,5,----사장님 답글이 없어요 ----,이미지는 없어요
2021년 5월 1일,서초동,페리카나-서초동점,jk**님,2021년 5월 1일,순살양념 치킨/1,맛나여 추천해용 ㅎㅎ,5,5,0,----사장님 답글이 없어요 ----,https://rev-static.yogiyo.co.kr/8913c9f67608d6c458f74e35c809f9ad_tn.jpg
2021년 5월 1일,서초동,페리카나-서초동점,ro**님,2021년 5월 1일,맵삭치킨/1,맵삭치킨  느끼하지 않고 순살이라 먹기편하고 좋아요,5,5,0,----사장님 답글이 없어요 ----,이미지는 없어요
2021년 5월 1일,서초동,페리카나-서초동점,wl**님,2021년 5월 1일,순살후라이드 치킨/1,맛있어요오오오오오오,5,5,0,----사장님 답글이 없어요 ----,이미지는 없어요
2021년 5월 1일,서초동,페리카나-서초동점,yo**님,2021년 5월 1일,순살간장 치킨/1,"*보다 맛있다, 하지만 *가 더 맛있었음",4,5,5,----사장님 답글이 없어요 ----,https://rev-static.yogiyo.co.kr/b9479acb71d061c4e8cd5a9ebc5ced23_tn.jpg
2021년 4월 30일,서초동,페리카나-서초동점,jh**님,2021년 4월 30일,B세트（후라이드＋양념치킨＋콜라 1.25L）/1,맛있게 잘 먹었습니다ㅎㅎ,5,5,5,----사장님 답글이 없어요 ----,https://rev-static.yogiyo.co.kr/1ac40cd7cc7c57372b8d98efcfac74c7_tn.jpg
2021년 4월 30일,서초동,페리카나-서초동점,pe**님,2021년 4월 30일,반반（후라이드 반＋간장 반）/1(치킨 선택(순살 치킨)),간장을 시켰는데 양념이 와버림별점 1점 주려고 했는데 먹다보니 맛있어서 봐줌 ㅎ,5,5,5,----사장님 답글이 없어요 ----,https://rev-static.yogiyo.co.kr/06e854b57d18ba2b00f13dcb5b8731bc_tn.jpg
2021년 4월 30일,서초동,페리카나-서초동점,za**님,2021년 4월 30일,다리＋날개/1(다리＋날개 소스 선택(후라이드)),배달빠르고맛있었어요,5,5,5,----사장님 답글이 없어요 ----,이미지는 없어요
2021년 4월 29일,서초동,페리카나-서초동점,fk**님,2021년 4월 29일,반반（후라이드 반＋양념 반）/1(치킨 선택(순살 치킨)),맛있어요 ~ 잘먹었습니다,4,5,5,----사장님 답글이 없어요 ----,https://rev-static.yogiyo.co.kr/7671c8a24d0ea6474d7b6933cd8d8a05_tn.jpg
2021년 4월 29일,서초동,페리카나-서초동점,du**님,2021년 4월 29일,순살후라이드 치킨/1,아주 맛있었어요기본에 충실한 맛!!,5,5,5,----사장님 답글이 없어요 ----,이미지는 없어요
2021년 4월 29일,서초동,페리카나-서초동점,mo**님,2021년 4월 29일,"세트（치킨 2가지 선택＋콜라 1.25L）/1(치킨 선택 1(간장),치킨 선택 2(매운양념))",굿~~~~~~~~~~~~,5,5,5,----사장님 답글이 없어요 ----,https://rev-static.yogiyo.co.kr/6a551ace182bc6b17da41a401d137b9d_tn.jpg
2021년 4월 29일,서초동,페리카나-서초동점,kc**님,2021년 4월 29일,반반（후라이드 반＋양념 반）/1(치킨 선택(순살 치킨)),다른지점보다 양도 적고 천원이나 비싼데  기름의 깨끗함이나 맛은 넘사벽이에요 ㅠㅠ 서초점 최고,5,5,5,----사장님 답글이 없어요 ----,https://rev-static.yogiyo.co.kr/41e2b4a2db38f07e47dd5d6be71309eb_tn.jpg
2021년 4월 28일,서초동,페리카나-서초동점,mu**님,2021년 4월 28일,순살양념 치킨/1,패리카나 양념순살 최고에요!,5,5,5,----사장님 답글이 없어요 ----,https://rev-static.yogiyo.co.kr/fcd103ca0ecb95b2d8bca955265bf6ad_tn.jpg
2021년 4월 28일,서초동,페리카나-서초동점,kr**님,2021년 4월 28일,"양념 치킨/1,사이다 1.25L/1",맛있음 배송도 이십분이상 빨리옴,5,5,5,----사장님 답글이 없어요 ----,이미지는 없어요
2021년 4월 28일,서초동,페리카나-서초동점,mo**님,2021년 4월 28일,다리＋날개/1(다리＋날개 소스 선택(후라이드)),굿~~~~~~~~~~~~~,5,5,5,----사장님 답글이 없어요 ----,https://rev-static.yogiyo.co.kr/f8be78c6134a4320fc86e5fda56f9a35_tn.jpg
2021년 4월 28일,서초동,페리카나-서초동점,la**님,2021년 4월 28일,양념 치킨/1(사이드 추가 선택(떡사리 추가)),따끈한 양념치킨 잘 배달 받았어요~소스도 넉넉하고 아주 맛있게 잘 먹었어요~떡추가 해서 두명이 배부르게 만족스러운 한끼였어요~,5,5,5,----사장님 답글이 없어요 ----,https://rev-static.yogiyo.co.kr/1d5166d4898bb77f0360400c3c76868c_tn.jpg
2021년 4월 27일,서초동,페리카나-서초동점,rk**님,2021년 4월 27일,반반（후라이드 반＋양념 반）/1(치킨 선택(뼈있는 치킨)),맛나게잘먹엇습니다ㅏ,5,5,5,----사장님 답글이 없어요 ----,https://rev-static.yogiyo.co.kr/7721631fc82d7105ccee478e10174ddd_tn.jpg
2021년 4월 27일,서초동,페리카나-서초동점,ta**님,2021년 4월 27일,양념 치킨/1,동네동생 은지가 맛잇다 하네요 역시  퍼리카나!!!,5,5,5,----사장님 답글이 없어요 ----,https://rev-static.yogiyo.co.kr/bfd443d755ca3a16766cbee300f1b7a0_tn.jpg
2021년 4월 27일,서초동,페리카나-서초동점,ce**님,2021년 4월 27일,"페리치즈볼 5개/1,츄러스치즈볼 5개/1,치즈스틱（6조각）/1,미니핫도그 2개/1",명성의 페리카나 오랜만에 맛봄!,5,5,0,----사장님 답글이 없어요 ----,https://rev-static.yogiyo.co.kr/703fbb7fdafe412684c9ade81925c666_tn.jpg
2021년 4월 27일,서초동,페리카나-서초동점,su**님,2021년 4월 27일,"반반（후라이드 반＋양념 반）/1(치킨 선택(순살 치킨),사이드 추가 선택(무 추가))",배달도 예상보다 빠르고 맛있게 잘 먹었습니다다음에 재 구매 의사 충분합니다번창하세요~,5,5,5,----사장님 답글이 없어요 ----,이미지는 없어요
2021년 4월 27일,서초동,페리카나-서초동점,xv**님,2021년 4월 27일,반반（후라이드 반＋양념 반）/1(치킨 선택(뼈있는 치킨)),바삭바삭 따뜻따뜻 맛있게 잘먹었습니다 :),5,5,5,----사장님 답글이 없어요 ----,https://rev-static.yogiyo.co.kr/92d7d8cf7a0716d832e96b8a61015cca_tn.jpg
2021년 4월 24일,서초동,페리카나-서초동점,po**님,2021년 4월 24일,B세트（후라이드＋양념치킨＋콜라 1.25L）/1(사이드 추가 선택(무 추가)),치킨은 페리카나입니다 항상 맛있게 잘 튀겨주세요,5,5,5,----사장님 답글이 없어요 ----,이미지는 없어요
2021년 4월 23일,서초동,페리카나-서초동점,   손님,2021년 4월 23일,순살양념 치킨/1,저는 마늘을 안좋아해서 마늘향이 좀 강하다고 느꼈지만 그래도 맛있어요,5,5,5,----사장님 답글이 없어요 ----,https://rev-static.yogiyo.co.kr/c1a6f6f55b868ebc1fe1bfd5663b043f_tn.jpg
2021년 4월 17일,서초동,페리카나-서초동점,el**님,2021년 4월 17일,1세트（순살양념＋순살후라이드＋콜라 1.25L）/1,개꿀맛이에요 믿고 먹는 페리카나^_^ 한국에 페리카나 치킨이 있어서 좋으네요 다 안 망하는 이유가 있어요 ~ 배달도 예상 시간보다 15분 빨리 왔어요 👍,5,5,5,----사장님 답글이 없어요 ----,https://rev-static.yogiyo.co.kr/5fd8b13d156ec9b93fbc67f23d7e698f_tn.jpg
2021년 4월 13일,서초동,페리카나-서초동점,ni**님,2021년 4월 13일,골뱅이무침＋소면/1,"또 시켰어요ㅎㅎ골뱅이 양이 줄었어요^^;;,,",5,4,5,----사장님 답글이 없어요 ----,이미지는 없어요
2021년 4월 10일,서초동,페리카나-서초동점,ss**님,2021년 4월 10일,"반반（후라이드 반＋양념 반）/1(치킨 선택(뼈있는 치킨),사이드 추가 선택(콜라 500mL 변경))",10년 넘게 이집 단골임다. 후라이드와 양념치킨의 표준! 맛있어요.,5,5,5,----사장님 답글이 없어요 ----,이미지는 없어요
2021년 4월 7일,서초동,페리카나-서초동점,ah**님,2021년 4월 7일,후라이드 치킨/1(사이드 추가 선택(페리치즈볼 5개 추가)),배달도 빠르고 진짜 너무 맛있어요!ㅠㅠ 오랜만에 이렇게 맛있는 치킨 먹습니다,5,5,5,----사장님 답글이 없어요 ----,https://rev-static.yogiyo.co.kr/758b2cae53fddcbefc9cc173f7b39a7d_tn.jpg
2021년 4월 4일,서초동,페리카나-서초동점,kk**님,2021년 4월 4일,순살양념 치킨/1,역 시 믿 고 먹 는 페 리 카 나 페 리 카 나 사 랑 해 요 닭 다 리 살 이 라 더 굿,5,5,5,----사장님 답글이 없어요 ----,https://rev-static.yogiyo.co.kr/c0b40d5909749aeb07519bc28fe7b8f2_tn.jpg
2021년 4월 4일,서초동,페리카나-서초동점,ka**님,2021년 4월 4일,반반（후라이드 반＋양념 반）/1(치킨 선택(뼈있는 치킨)),여기 진심 맛집이에요,5,5,5,----사장님 답글이 없어요 ----,이미지는 없어요
2021년 4월 4일,서초동,페리카나-서초동점,lj**님,2021년 4월 4일,"반반（양념 반＋간장 반）/1(치킨 선택(순살 치킨),사이드 추가 선택(사이다500mL 변경))",응존마탱마탱마탱ㅇㅇㅇ,5,5,5,----사장님 답글이 없어요 ----,https://rev-static.yogiyo.co.kr/17418a0fa29b77ecf61ae17dfeedff89_tn.jpg
2021년 4월 3일,서초동,페리카나-서초동점,ja**님,2021년 4월 3일,2세트（순살떡양념＋순살후라이드＋콜라 1.25L）/1,떡양념이 특히 맛있네요,5,5,5,----사장님 답글이 없어요 ----,https://rev-static.yogiyo.co.kr/d5447dd30037a1e0bb2cf68a15ae650a_tn.jpg
2021년 4월 3일,서초동,페리카나-서초동점,pe**님,2021년 4월 3일,반반（후라이드 반＋양념 반）/1(치킨 선택(뼈있는 치킨)),잘 먹었습니다 감사합니다,5,5,5,----사장님 답글이 없어요 ----,이미지는 없어요
2021년 4월 3일,서초동,페리카나-서초동점,fi**님,2021년 4월 3일,순살후라이드 치킨/1,맛은 평범 양이 좀 적은거같아요배달 빠르고 저렴해서 잘 먹었습니다,3,4,5,----사장님 답글이 없어요 ----,https://rev-static.yogiyo.co.kr/8365865e350aac258c948ebeadcfe321_tn.jpg
2021년 4월 2일,서초동,페리카나-서초동점,ne**님,2021년 4월 2일,순살양념 치킨/1,맛있어요 또 먹고 싶네요,4,4,4,----사장님 답글이 없어요 ----,이미지는 없어요
2021년 4월 1일,서초동,페리카나-서초동점,go**님,2021년 4월 1일,순살매운양념치킨/1,페리카나 치킨이 찾아왔어요,5,5,5,----사장님 답글이 없어요 ----,https://rev-static.yogiyo.co.kr/7f9ad59ff3a0b76bc97cc8ef22b44af5_tn.jpg
2021년 4월 1일,서초동,페리카나-서초동점,jy**님,2021년 4월 1일,반반（후라이드 반＋양념 반）/1(치킨 선택(뼈있는 치킨)),옛날에 먹던 그느낌 그대로여서 참 좋았어요.,5,5,5,----사장님 답글이 없어요 ----,이미지는 없어요
2021년 4월 1일,서초동,페리카나-서초동점,th**님,2021년 4월 1일,순살양념 치킨/1,맛있게 잘 먹었습니다,5,5,5,----사장님 답글이 없어요 ----,이미지는 없어요
2021년 3월 31일,서초동,페리카나-서초동점,kc**님,2021년 3월 31일,반반（후라이드 반＋양념 반）/1(치킨 선택(순살 치킨)),닭다리살로만 이루어져있어서 좋아요 ㅠㅠ행복,5,5,5,----사장님 답글이 없어요 ----,https://rev-static.yogiyo.co.kr/f4865c5afcc88c4a187f1d6adc468b04_tn.jpg
2021년 3월 31일,서초동,페리카나-서초동점,lm**님,2021년 3월 31일,반반（후라이드 반＋양념 반）/1(치킨 선택(순살 치킨)),순살치킨 주문해서 먹는데 이빨 나갈뻔했어요 순살에 뼈치킨이 있네요??,3,3,3,----사장님 답글이 없어요 ----,https://rev-static.yogiyo.co.kr/a0f73014da2988a004e340c365932adc_tn.jpg
2021년 3월 31일,서초동,페리카나-서초동점,xv**님,2021년 3월 31일,반반（후라이드 반＋양념 반）/1(치킨 선택(뼈있는 치킨)),맛나게 잘먹었습니다 바삭바삭,5,5,5,----사장님 답글이 없어요 ----,https://rev-static.yogiyo.co.kr/a7679d6063e26c3c7086773792895948_tn.jpg
2021년 3월 31일,서초동,페리카나-서초동점,dl**님,2021년 3월 31일,"반반（후라이드 반＋양념 반）/1(치킨 선택(순살 치킨)),페리치즈볼 5개/1",너무 맛있게 잘 먹었습니다~😄,5,5,5,----사장님 답글이 없어요 ----,https://rev-static.yogiyo.co.kr/81fe5f6c3c07f52506d3da4e24f1520b_tn.jpg
2021년 3월 31일,서초동,페리카나-서초동점,re**님,2021년 3월 31일,양념 치킨/1,맛있게 잘 먹었습니다.,4,4,4,----사장님 답글이 없어요 ----,이미지는 없어요
2021년 3월 31일,서초동,페리카나-서초동점,bl**님,2021년 3월 31일,"순살양념 치킨/1,반반（간장 반＋마늘 반）/1(치킨 선택(뼈있는 치킨))",너무 맛있게 먹었습니다~!강추합니다!,5,5,5,----사장님 답글이 없어요 ----,이미지는 없어요
2021년 3월 31일,서초동,페리카나-서초동점,do**님,2021년 3월 31일,반반（양념 반＋간장 반）/1(치킨 선택(순살 치킨)),와역시 페리카나 양녕이 최고내요,5,5,5,----사장님 답글이 없어요 ----,https://rev-static.yogiyo.co.kr/2cc71a1ef69b0827ff1a998d548aafad_tn.jpg
2021년 3월 31일,서초동,페리카나-서초동점,   손님,2021년 3월 31일,"반반（후라이드 반＋양념 반）/1(치킨 선택(뼈있는 치킨)),페리치즈볼 5개/1",양념치킨 맛있어요 치즈볼도 따뜻하게 와서 엄청 맛있게 먹었어요,5,5,5,----사장님 답글이 없어요 ----,https://rev-static.yogiyo.co.kr/6fd3b848868e354ffcf1dca8d246ea97_tn.jpg
2021년 3월 31일,서초동,페리카나-서초동점,d4**님,2021년 3월 31일,"반반（후라이드 반＋핫양념 반）/1(치킨 선택(뼈있는 치킨),사이드 추가 선택(떡사리 추가))",맛은 좋은데. 치킨에 뜯어 먹을 살이 없습니다. 다음에는 순살만 시킬게요.,5,3,5,----사장님 답글이 없어요 ----,https://rev-static.yogiyo.co.kr/db0788902ca2408f9a0f3bd8f1b26ef4_tn.jpg
2021년 3월 30일,서초동,페리카나-서초동점,nb**님,2021년 3월 30일,"반반（후라이드 반＋양념 반）/1(치킨 선택(순살 치킨),사이드 추가 선택(사이다 1.25L 변경)),생맥주 1000cc/1",옆집 문앞에 배달해서 직접 찾아다니게 하시네요하도 안와서 찾았더니 다 식어서 이걸 먹으라는건지 어이가 없네요,1,1,1,----사장님 답글이 없어요 ----,이미지는 없어요
2021년 3월 30일,서초동,페리카나-서초동점,cj**님,2021년 3월 30일,반반（후라이드 반＋양념 반）/1(치킨 선택(뼈있는 치킨)),사진 찍을 시간도 없이 맛있게 먹어치웠네요!!!,5,5,5,----사장님 답글이 없어요 ----,이미지는 없어요
2021년 3월 30일,서초동,페리카나-서초동점,ho**님,2021년 3월 30일,반반（후라이드 반＋양념 반）/1(치킨 선택(순살 치킨)),엄청 빨리왔네요다리살이라 부드럽고 맛있어요,5,5,5,----사장님 답글이 없어요 ----,https://rev-static.yogiyo.co.kr/e3148e5464a7033996ea8550a7a9eb63_tn.jpg
2021년 3월 30일,서초동,페리카나-서초동점,rh**님,2021년 3월 30일,반반（후라이드 반＋양념 반）/1(치킨 선택(뼈있는 치킨)),진짜 맛있어요 페리카나 중 여기가 제일 잘하는듯,5,5,5,----사장님 답글이 없어요 ----,이미지는 없어요
2021년 3월 30일,서초동,페리카나-서초동점,ja**님,2021년 3월 30일,순살양념 치킨/1,오랜만에 먹어보는데 양도 최고 맛도 좋고 배달도 빨랐습니다.특히 양념 맛이랑 고기 야들야들한게 넘 맛있네여,5,5,5,----사장님 답글이 없어요 ----,https://rev-static.yogiyo.co.kr/ec02735355d95807144772f900340627_tn.jpg
2021년 3월 30일,서초동,페리카나-서초동점,yj**님,2021년 3월 30일,순살양념 치킨/1,양념치킨 대장 인정입니다👍,4,4,4,----사장님 답글이 없어요 ----,https://rev-static.yogiyo.co.kr/f028a464a4ead7143d34675b13d98286_tn.jpg
2021년 3월 29일,서초동,페리카나-서초동점,ch**님,2021년 3월 29일,"E세트（후라이드＋떡양념치킨＋콜라 1.25L）/1(사이드 추가 선택(무 추가,떡사리 추가))",맛있어요~~굿~~~,5,5,5,----사장님 답글이 없어요 ----,https://rev-static.yogiyo.co.kr/dd7b6896d380cbb87d2a0df071b36d3d_tn.jpg
2021년 3월 29일,서초동,페리카나-서초동점,ni**님,2021년 3월 29일,골뱅이무침＋소면/1,비용은 올랐지만 다시 양도 많고 맛있어졌어요!!반가워라ㅎㅎ맛있게 먹는 중에 찍은 사진이라 죄송ㅎㅎ담에 또 시켜먹을게요!,5,5,5,----사장님 답글이 없어요 ----,https://rev-static.yogiyo.co.kr/195fcb0bab158c61feb5b4d2c7dc681f_tn.jpg
2021년 3월 29일,서초동,페리카나-서초동점,fo**님,2021년 3월 29일,반반（후라이드 반＋양념 반）/1(치킨 선택(뼈있는 치킨)),맛있게 잘먹었습니다 감사합니다,5,5,5,----사장님 답글이 없어요 ----,https://rev-static.yogiyo.co.kr/dfddac28a6ea3dd379d6408520e01e64_tn.jpg
2021년 3월 29일,서초동,페리카나-서초동점,pb**님,2021년 3월 29일,반반（후라이드 반＋양념 반）/1(치킨 선택(뼈있는 치킨)),50분 예상하던 배달이 30분 정도 밖에 안 걸려서 좋았고 매우 따듯한 상태로 왔습니다. 어렸을 때 먹던 치킨 맛이 생각날 정도로 정말 맛있었네요. 특히 이 지점이 맛있는 걸지도 모르겠습니다. 후라이드 튀김옷도 맛있었지만 양념은 왜 페리카나가 최고인지 먹어 보고 깨달았어요. 재주문하여도 이 지점으로 할 생각입니다,5,5,5,----사장님 답글이 없어요 ----,https://rev-static.yogiyo.co.kr/13533b72d056d87604245166486a5d23_tn.jpg
2021년 3월 29일,서초동,페리카나-서초동점,se**님,2021년 3월 29일,B세트（후라이드＋양념치킨＋콜라 1.25L）/1,배달도 빠르고 갓튀겨서 와서 따끈따끈한상태로 먹어서 넘넘 맛있었어요!! 양도많고 치킨살도 맛있네요! 만족하면서 먹었습니다~!,5,5,5,----사장님 답글이 없어요 ----,https://rev-static.yogiyo.co.kr/ea4af9052f67a363e3db0ff5d5451487_tn.jpg
2021년 3월 25일,서초동,페리카나-서초동점,mu**님,2021년 3월 25일,순살떡양념치킨/1,너무 너무 너무 너무 맛있어요,5,5,5,----사장님 답글이 없어요 ----,https://rev-static.yogiyo.co.kr/86f5006deb742168391cac0d17b23536_tn.jpg
2021년 3월 19일,서초동,페리카나-서초동점,th**님,2021년 3월 19일,순살양념 치킨/1,아주맛있게 잘 먹었습니다!!,5,5,5,----사장님 답글이 없어요 ----,https://rev-static.yogiyo.co.kr/590159eff04252774e1bc20a57b70879_tn.jpg
2021년 3월 17일,서초동,페리카나-서초동점,ju**님,2021년 3월 17일,순살양념 치킨/1,처음 시켜봤는데 너~ 무 맛있네요. 지금 먹다가 사진찍었네요^^ 단골될듯..번창하세요,5,5,5,----사장님 답글이 없어요 ----,이미지는 없어요
2021년 3월 13일,서초동,페리카나-서초동점,wi**님,2021년 3월 13일,"반반（후라이드 반＋양념 반）/1(치킨 선택(뼈있는 치킨),사이드 추가 선택(콜라 1.25L 변경))",맛있습니다. 배달 예상시간보다 빨리오네요,3,5,5,----사장님 답글이 없어요 ----,이미지는 없어요
2021년 3월 9일,서초동,페리카나-서초동점,su**님,2021년 3월 9일,"반반（후라이드 반＋양념 반）/1(치킨 선택(순살 치킨),사이드 추가 선택(콜라 500mL 변경))",기름 상태가 깨끗한지 튀김이 신선한 느낌이랄까 ㅎㅎ 역시 페리카나 양도 좋고 ~ 맛도 최고고요,5,5,5,----사장님 답글이 없어요 ----,https://rev-static.yogiyo.co.kr/b8d3057b208241db69748e379ac13aef_tn.jpg
2021년 3월 7일,서초동,페리카나-서초동점,ma**님,2021년 3월 7일,반반（후라이드 반＋양념 반）/1(치킨 선택(뼈있는 치킨)),아주 맛있게 먹었어요,5,5,5,----사장님 답글이 없어요 ----,이미지는 없어요
2021년 3월 7일,서초동,페리카나-서초동점,wn**님,2021년 3월 7일,"반반（후라이드 반＋양념 반）/1(치킨 선택(순살 치킨),사이드 추가 선택(페리치즈볼 5개 추가))",간만에 옛날치킨맛 느낄수있어서 너무마싯게 잘먹었습니다 또시켜먹을거같아요!!!!꿀맛,5,5,5,----사장님 답글이 없어요 ----,https://rev-static.yogiyo.co.kr/40dcb0759e31b0471f05354e62c96a9c_tn.jpg
2021년 3월 5일,서초동,페리카나-서초동점,po**님,2021년 3월 5일,B세트（후라이드＋양념치킨＋콜라 1.25L）/1,너무 바삭하고 맛나요 역시 페리카나😊,5,5,5,----사장님 답글이 없어요 ----,이미지는 없어요
2021년 3월 3일,서초동,페리카나-서초동점,as**님,2021년 3월 3일,"반반（후라이드 반＋핫양념 반）/1(치킨 선택(순살 치킨),사이드 추가 선택(사이다 1.25L 변경))",양 겁나 적네.. 하고 먹었는데 배 찢어질뻔..ㄷㄷㄷ양 많아여ㅋㅋㅋㅋㅋㅋㅋㅋ,5,5,5,----사장님 답글이 없어요 ----,이미지는 없어요
2021년 3월 1일,서초동,페리카나-서초동점,ra**님,2021년 3월 1일,1세트（순살양념＋순살후라이드＋콜라 1.25L）/1,치킨치킨 치킨치킨치킨,5,5,5,----사장님 답글이 없어요 ----,https://rev-static.yogiyo.co.kr/b0fb166739e3e6fb792839b4f327a0f3_tn.jpg
2021년 2월 26일,서초동,페리카나-서초동점,mi**님,2021년 2월 26일,"순살양념 치킨/1,츄러스치즈볼 5개/1",양념은 페리카나가 진리죠 ㅎㅎㅎ근데 치즈볼도 꼭 먹으세요 ㅠㅠ,5,5,5,----사장님 답글이 없어요 ----,https://rev-static.yogiyo.co.kr/938de4192c6a37aade3f12fc914f39c2_tn.jpg
2021년 2월 24일,서초동,페리카나-서초동점,Su**님,2021년 2월 24일,반반（후라이드 반＋양념 반）/1(치킨 선택(뼈있는 치킨)),배달도 빠르고 맛있었어요!,5,5,5,----사장님 답글이 없어요 ----,https://rev-static.yogiyo.co.kr/962c1c019f3be756a31e06a2279a60df_tn.jpg
2021년 2월 23일,서초동,페리카나-서초동점,go**님,2021년 2월 23일,반반（양념 반＋마늘 반）/1(치킨 선택(뼈있는 치킨)),"양념도 괜찮고 살도 부드러움, 내가 돼지라서 양이 부족하다 느꼈을수도",5,5,5,----사장님 답글이 없어요 ----,이미지는 없어요
2021년 2월 23일,서초동,페리카나-서초동점,po**님,2021년 2월 23일,B세트（후라이드＋양념치킨＋콜라 1.25L）/1(사이드 추가 선택(무 추가)),치킨은 페리카나👍👍👍,5,5,5,----사장님 답글이 없어요 ----,이미지는 없어요
2021년 2월 19일,서초동,페리카나-서초동점,qh**님,2021년 2월 19일,반반（후라이드 반＋양념 반）/1(치킨 선택(순살 치킨)),늘 시키는 구성인데 먹을 때마다 맛있어요ㅎㅎ!!,5,5,5,----사장님 답글이 없어요 ----,https://rev-static.yogiyo.co.kr/996c1c58b56b3f66b12d934cb52a579c_tn.jpg
2021년 2월 15일,서초동,페리카나-서초동점,g8**님,2021년 2월 15일,반반（후라이드 반＋양념 반）/1(치킨 선택(뼈있는 치킨)),항상 믿고 시켜먹습니다. 사장님 감사해요! ^^,5,5,5,----사장님 답글이 없어요 ----,이미지는 없어요
2021년 2월 13일,서초동,페리카나-서초동점,ss**님,2021년 2월 13일,1세트（순살양념＋순살후라이드＋콜라 1.25L）/1,서초로 이사오고 십년 넘게 단골 치킨집,5,5,5,----사장님 답글이 없어요 ----,https://rev-static.yogiyo.co.kr/bb91b668c624ec41b527c4e2d6bd1b75_tn.jpg
2021년 2월 12일,서초동,페리카나-서초동점,dl**님,2021년 2월 12일,"양념 치킨/1,콜라 500mL/1",퍽퍽살도 야들야들하고 맛있어요,5,5,0,----사장님 답글이 없어요 ----,https://rev-static.yogiyo.co.kr/5126863fbe52356b57c9c00d970c3ade_tn.jpg
2021년 2월 4일,서초동,페리카나-서초동점,tk**님,2021년 2월 4일,2세트（순살떡양념＋순살후라이드＋콜라 1.25L）/1,맛있어요ㄱㄴㅍㅍㅍㅋㅂㄱㅋ,5,5,5,----사장님 답글이 없어요 ----,https://rev-static.yogiyo.co.kr/e6854a3a340c2067d295f40d2228a91f_tn.jpg
2021년 2월 4일,서초동,페리카나-서초동점,kc**님,2021년 2월 4일,반반（후라이드 반＋양념 반）/1(치킨 선택(순살 치킨)),부드러운살 100프로라 100점,5,5,5,----사장님 답글이 없어요 ----,https://rev-static.yogiyo.co.kr/11350f99259d507737c1a4315311d9fd_tn.jpg
2021년 1월 31일,서초동,페리카나-서초동점,32**님,2021년 1월 31일,1세트（순살양념＋순살후라이드＋콜라 1.25L）/1(사이드 추가 선택(치즈스틱（6조각）추가)),"양념과 후라이드 모두 맛있고, 양도 넉넉하고, 배달도 따뜻한 채로 제 시간에 왔습니다. 단점이 없는게 최고의 장점이라고 생각합니다.",5,5,5,----사장님 답글이 없어요 ----,이미지는 없어요
2021년 1월 29일,서초동,페리카나-서초동점,ck**님,2021년 1월 29일,양념 치킨/1,양념은 페리카나입니다 :),5,5,5,----사장님 답글이 없어요 ----,이미지는 없어요
2021년 1월 29일,서초동,페리카나-서초동점,ps**님,2021년 1월 29일,2세트（순살떡양념＋순살후라이드＋콜라 1.25L）/1,맛있었슴다 양도 좋고요,5,5,5,----사장님 답글이 없어요 ----,이미지는 없어요
2021년 1월 28일,서초동,페리카나-서초동점,pa**님,2021년 1월 28일,"반반（후라이드 반＋양념 반）/1(치킨 선택(뼈있는 치킨),사이드 추가 선택(떡사리 추가))",일주일에 한 번은 시켜먹어요 맛있어요~,5,5,5,----사장님 답글이 없어요 ----,이미지는 없어요
2021년 1월 28일,서초동,페리카나-서초동점,fr**님,2021년 1월 28일,"반반（후라이드 반＋양념 반）/1(치킨 선택(뼈있는 치킨),사이드 추가 선택(사이다 1.25L 변경))",따뜻하게 배달해주셔서 좋았어요~~,5,5,5,----사장님 답글이 없어요 ----,이미지는 없어요
2021년 1월 24일,서초동,페리카나-서초동점,tk**님,2021년 1월 24일,반반（후라이드 반＋양념 반）/1(치킨 선택(뼈있는 치킨)),맛있어요ㄱㄴㅋㅋㅋㅋ,5,5,5,----사장님 답글이 없어요 ----,https://rev-static.yogiyo.co.kr/556ff0a60c8d5e09f06a075c9aba46f9_tn.jpg
2021년 1월 23일,서초동,페리카나-서초동점,b7**님,2021년 1월 23일,양념 치킨/1,맛있게 잘 먹엇습니다,5,5,5,----사장님 답글이 없어요 ----,이미지는 없어요
2021년 1월 23일,서초동,페리카나-서초동점,sm**님,2021년 1월 23일,"반반（양념 반＋마늘 반）/1(치킨 선택(뼈있는 치킨),사이드 추가 선택(페리치즈볼 5개 추가))",맛있어요! 양념은 역시 페리카나!,5,4,5,----사장님 답글이 없어요 ----,이미지는 없어요
2021년 1월 21일,서초동,페리카나-서초동점,le**님,2021년 1월 21일,양념 치킨/1,순살 양념최고!!!추억의맛,5,5,5,----사장님 답글이 없어요 ----,이미지는 없어요
2021년 1월 21일,서초동,페리카나-서초동점,km**님,2021년 1월 21일,반반（양념 반＋마늘 반）/1(치킨 선택(순살 치킨)),페리카나 양념이 이리맛잇는지몰랏네요~~♡♡,5,5,5,----사장님 답글이 없어요 ----,https://rev-static.yogiyo.co.kr/b07b1d7971da48cf686d37155c2d6b2e_tn.jpg
2021년 1월 20일,서초동,페리카나-서초동점,kh**님,2021년 1월 20일,순살후라이드 치킨/1,잘받았습니다잘먹었습니다감사합니다,4,4,5,----사장님 답글이 없어요 ----,이미지는 없어요
2021년 1월 20일,서초동,페리카나-서초동점,ho**님,2021년 1월 20일,반반（후라이드 반＋양념 반）/1(치킨 선택(뼈있는 치킨)),후라이드가 조금 아쉬웠어요. 바삭함이 덜했어요.,3,3,5,----사장님 답글이 없어요 ----,이미지는 없어요
2021년 1월 15일,서초동,페리카나-서초동점,se**님,2021년 1월 15일,양념 치킨/1,배달 기사님도 친절하시고 치킨도 너무 맛있었어요!!,5,5,5,----사장님 답글이 없어요 ----,이미지는 없어요
2021년 1월 14일,서초동,페리카나-서초동점,pa**님,2021년 1월 14일,B세트（후라이드＋양념치킨＋콜라 1.25L）/1,최고 오랜만에 먹으니까 진짜 맛있네요,5,5,5,----사장님 답글이 없어요 ----,이미지는 없어요
2021년 1월 13일,서초동,페리카나-서초동점,   손님,2021년 1월 13일,"반반（후라이드 반＋간장 반）/1(치킨 선택(순살 치킨),사이드 추가 선택(콜라 500mL 변경))",배달시간보다 빨리오셔서맛나게먹었습니다,5,5,5,----사장님 답글이 없어요 ----,이미지는 없어요
2021년 1월 13일,서초동,페리카나-서초동점,jf**님,2021년 1월 13일,양념 치킨/1,양념 치킨 중에 최고 존엄.....더 이상 무슨 말이 필요하겠나요 👍👍👍,5,5,5,----사장님 답글이 없어요 ----,https://rev-static.yogiyo.co.kr/e2a3e871ed3e254afbc3285c4be8b3e4_tn.jpg
2021년 1월 12일,서초동,페리카나-서초동점,ch**님,2021년 1월 12일,"E세트（후라이드＋떡양념치킨＋콜라 1.25L）/1(사이드 추가 선택(무 추가,떡사리 추가))",넘맛있어서 이틀만에또시켰어요 떡이맛있어서 떡추가^^근데 저번엔 단무지추가했을때하나만왔는데그래서 단무지는 추가해야하나오나했는데오늘은 추가하니 두개가왔네요.. 저번에 단무지추가한게안온거였나봐요 ㅜㅜ,5,5,5,----사장님 답글이 없어요 ----,https://rev-static.yogiyo.co.kr/19b818bd63e985a8dbd1d2ec806af376_tn.jpg
2021년 1월 12일,서초동,페리카나-서초동점,pe**님,2021년 1월 12일,B세트（후라이드＋양념치킨＋콜라 1.25L）/1,양 많아요잘 먹었습니다,5,5,5,----사장님 답글이 없어요 ----,https://rev-static.yogiyo.co.kr/9dd58bab4e86cfc1148972ccc462425e_tn.jpg
2021년 1월 12일,서초동,페리카나-서초동점,se**님,2021년 1월 12일,순살양념 치킨/1,퍽퍽살 없이 다리살로된 순살양념.. 이거 히트네요,5,5,5,----사장님 답글이 없어요 ----,https://rev-static.yogiyo.co.kr/b5889ae45b387a42d8521d8e25135f6e_tn.jpg
2021년 1월 11일,서초동,페리카나-서초동점,lw**님,2021년 1월 11일,"반반（후라이드 반＋양념 반）/1(치킨 선택(뼈있는 치킨),사이드 추가 선택(콜라 1.25L 변경))",푸라닭 이런 멋부린거 말고역시 오리지날 치킨이 짱임다,5,5,5,----사장님 답글이 없어요 ----,https://rev-static.yogiyo.co.kr/48a7dfe7b628b8ed5173359d35bc63c1_tn.jpg
2021년 1월 10일,서초동,페리카나-서초동점,ch**님,2021년 1월 10일,E세트（후라이드＋떡양념치킨＋콜라 1.25L）/1(사이드 추가 선택(무 추가)),완전완전 맛있어요~~ 오랫만에 정말 치킨을먹었는데 오~~ 앞으로 자주시켜먹어야겠어요^^완맛!!  치킨집에서바로나온듯 완전 뜨겁게배달되서 더밋났어요~,5,5,5,----사장님 답글이 없어요 ----,https://rev-static.yogiyo.co.kr/b452cd0ab6402bcebe044fb9cc957e86_tn.jpg
2021년 1월 10일,서초동,페리카나-서초동점,cs**님,2021년 1월 10일,반반（후라이드 반＋양념 반）/1(치킨 선택(순살 치킨)),와 여기 순살 진짜루 다리살 100프로네요 그게 제일 맘에 들어요!!!!!!! 양념 후라이드 반반인데 양념 소스 넉넉하게 주셔서후라이드도 양념에 또 찍어먹었어요 ㅋㅋㅋㅋ 만족만족,5,5,5,----사장님 답글이 없어요 ----,https://rev-static.yogiyo.co.kr/6292e8176cb2b70ea0c503a80a58f5c0_tn.jpg
2021년 1월 9일,서초동,페리카나-서초동점,   손님,2021년 1월 9일,순살양념 치킨/1(사이드 추가 선택(콜라 500mL 변경)),굿.. 양 배달 맛,5,5,5,----사장님 답글이 없어요 ----,이미지는 없어요
2021년 1월 6일,서초동,페리카나-서초동점,dn**님,2021년 1월 6일,"반반（후라이드 반＋양념 반）/1(치킨 선택(뼈있는 치킨)),생맥주 1000cc/1",페리카나 치킨 역시 맛있어요,5,5,5,----사장님 답글이 없어요 ----,이미지는 없어요
2021년 1월 6일,서초동,페리카나-서초동점,iy**님,2021년 1월 6일,순살양념 치킨/1,마시써영ㅎㅎㅎㅎㅎㅎ,5,4,5,----사장님 답글이 없어요 ----,이미지는 없어요
2021년 1월 5일,서초동,페리카나-서초동점,ju**님,2021년 1월 5일,순살떡양념치킨/1,정말 너무 너무 맛있어요 페리카나가 이렇게 맛있는데는 또ㅠ처음이에요 양념도 듬뿍 고기가 퍽퍽한부분도 하나도 없어요 다른곳들은 퍽퍽하고 양념도 적고 상자안에 은박지도 안깔아주시고 무성의한데 이곳은 정말 너무너무 한수위인 곳이 에요,5,5,5,----사장님 답글이 없어요 ----,https://rev-static.yogiyo.co.kr/bf4b4c27cedc1e414ed52e0b2c0436e3_tn.jpg
2021년 1월 4일,서초동,페리카나-서초동점,mu**님,2021년 1월 4일,순살떡양념치킨/1(사이드 추가 선택(페리치즈볼 5개 추가)),진짜 너무 맛있어요 치킨 치즈볼 둘다,5,5,5,----사장님 답글이 없어요 ----,https://rev-static.yogiyo.co.kr/971cca342ab734d2eb021f76314291c2_tn.jpg
2021년 1월 4일,서초동,페리카나-서초동점,po**님,2021년 1월 4일,B세트（후라이드＋양념치킨＋콜라 1.25L）/1,늘 치킨은 페리카나~~🙂,5,5,5,----사장님 답글이 없어요 ----,이미지는 없어요
2021년 1월 4일,서초동,페리카나-서초동점,po**님,2021년 1월 4일,B세트（후라이드＋양념치킨＋콜라 1.25L）/1,맛있게 잘 먹었어요~~☺️,5,5,5,----사장님 답글이 없어요 ----,https://rev-static.yogiyo.co.kr/544611c18b48ed930d487cf7fd4e44d6_tn.jpg
2021년 1월 1일,서초동,페리카나-서초동점,ww**님,2021년 1월 1일,반반（양념 반＋마늘 반）/1(치킨 선택(뼈있는 치킨)),맛있어요~맛있어요~,5,5,5,----사장님 답글이 없어요 ----,https://rev-static.yogiyo.co.kr/08a064a0ff8017f5aa194f657f25fbaa_tn.jpg
2020년 12월 31일,서초동,페리카나-서초동점,kt**님,2020년 12월 31일,1세트（순살양념＋순살후라이드＋콜라 1.25L）/1,맛잇게잘먹엇습니다웅양념이 존맛탱입니다용!!후라이드도 맛나구여❤,5,5,5,----사장님 답글이 없어요 ----,https://rev-static.yogiyo.co.kr/d18ac3a60b85ab91b0142992f5e64112_tn.jpg
2020년 12월 26일,서초동,페리카나-서초동점,gu**님,2020년 12월 26일,1세트（순살양념＋순살후라이드＋콜라 1.25L）/1(사이드 추가 선택(페리치즈볼 5개 추가)),걍 비비큐 시켜먹자,1,1,4,----사장님 답글이 없어요 ----,이미지는 없어요
2020년 12월 25일,서초동,페리카나-서초동점,po**님,2020년 12월 25일,B세트（후라이드＋양념치킨＋콜라 1.25L）/1,☺️☺️☺️☺️☺️☺️☺️맛나게 먹었어요,5,5,5,----사장님 답글이 없어요 ----,이미지는 없어요
2020년 12월 25일,서초동,페리카나-서초동점,ks**님,2020년 12월 25일,"순살후라이드 치킨/1(사이드 추가 선택(콜라 1.25L 변경,양념소스추가))",배달비가 비싸긴한데 빠르니까 먹어요,5,5,5,----사장님 답글이 없어요 ----,이미지는 없어요
2020년 12월 24일,서초동,페리카나-서초동점,mu**님,2020년 12월 24일,순살양념 치킨/1(사이드 추가 선택(페리치즈볼 5개 추가)),순살 닭다리 살로 바뀌어서 훨씬 맛있네요,5,5,5,----사장님 답글이 없어요 ----,https://rev-static.yogiyo.co.kr/55a6188eb501100eae9ff65c32d30443_tn.jpg
2020년 12월 23일,서초동,페리카나-서초동점,rl**님,2020년 12월 23일,순살양념 치킨/1,다음에 또 시켜먹을거 같아요. 양념맛이 전통적인 양념맛이네요 달짝찌근,5,5,5,----사장님 답글이 없어요 ----,https://rev-static.yogiyo.co.kr/22015fbd25246849fb20d5893e84fe84_tn.jpg
2020년 12월 22일,서초동,페리카나-서초동점,po**님,2020년 12월 22일,반반（후라이드 반＋양념 반）/1(치킨 선택(뼈있는 치킨)),또 생각나서 시켰어요 맛있어요,5,5,5,----사장님 답글이 없어요 ----,이미지는 없어요
2020년 12월 20일,서초동,페리카나-서초동점,he**님,2020년 12월 20일,양념 치킨/1,넘 맛있어요. 양념이 최고:)),5,5,5,----사장님 답글이 없어요 ----,이미지는 없어요
2020년 12월 20일,서초동,페리카나-서초동점,po**님,2020년 12월 20일,반반（후라이드 반＋양념 반）/1(치킨 선택(뼈있는 치킨)),오랜만에 시켰는데 역시 맛있네요양념은 오리지날인거 같아요 ㅋㅋ 늦은시간인데 배달도 친절하고요,5,5,5,----사장님 답글이 없어요 ----,https://rev-static.yogiyo.co.kr/64499c2848bd2cf0e1985a95d0f3a091_tn.jpg
2020년 12월 16일,서초동,페리카나-서초동점,ce**님,2020년 12월 16일,"반반（후라이드 반＋양념 반）/1(치킨 선택(뼈있는 치킨),사이드 추가 선택(콜라 1.25L 변경))",맛있음 역시 치킨은 그냥 양념반 후라이드반이 최고,5,5,4,----사장님 답글이 없어요 ----,이미지는 없어요
2020년 12월 15일,서초동,페리카나-서초동점,ky**님,2020년 12월 15일,"후라이드 치킨/1,파닭치킨/1","솔직히 다른 치킨에 비해서 많이 아쉬웠습니다,",5,5,5,----사장님 답글이 없어요 ----,이미지는 없어요
2020년 12월 14일,서초동,페리카나-서초동점,ki**님,2020년 12월 14일,반반（후라이드 반＋양념 반）/1(치킨 선택(순살 치킨)),역시나 맛있습니다!! 말해 무엇하리~~,5,5,5,----사장님 답글이 없어요 ----,이미지는 없어요
2020년 12월 13일,서초동,페리카나-서초동점,ja**님,2020년 12월 13일,"후라이드 치킨/1,양념 치킨/1",진짜 존맛탱이에요~~~~살도 엄청 부드럽고 .. 먹고싶었던 딱 그맛이라서3명이서 2마리 순삭했네요담에 또 시켜 먹을래요,5,5,5,----사장님 답글이 없어요 ----,이미지는 없어요
2020년 12월 10일,서초동,페리카나-서초동점,gi**님,2020년 12월 10일,반반（후라이드 반＋양념 반）/1(치킨 선택(뼈있는 치킨)),겉바속촉 ㅠㅠ 넘모좋공,5,5,5,----사장님 답글이 없어요 ----,이미지는 없어요
2020년 12월 1일,서초동,페리카나-서초동점,po**님,2020년 12월 1일,"반반（후라이드 반＋양념 반）/1(치킨 선택(뼈있는 치킨),사이드 추가 선택(무 추가,떡사리 추가))",후라이드 치킨은 촉촉한데 양념치킨은 너무 뻣뻣해서 좀 아쉬워요 ㅠㅠ,4,4,4,----사장님 답글이 없어요 ----,이미지는 없어요
2020년 11월 30일,서초동,페리카나-서초동점,de**님,2020년 11월 30일,순살양념 치킨/1(사이드 추가 선택(콜라 500mL 변경)),이렇게 맛있어도 되나요? 무기징역감 치킨입니다,5,5,5,----사장님 답글이 없어요 ----,https://rev-static.yogiyo.co.kr/8b5096deab3eef73fff83f26b7f82936_tn.jpg
2020년 11월 29일,서초동,페리카나-서초동점,ki**님,2020년 11월 29일,반반（후라이드 반＋핫양념 반）/1(치킨 선택(순살 치킨)),오랜만에 시켰는데 역시나 너무너무 맛있게 먹었습니다.매운앙념 첨 먹어봤는데 내 입맛에 딱 좋네요 ^^,5,5,5,----사장님 답글이 없어요 ----,이미지는 없어요
2020년 11월 28일,서초동,페리카나-서초동점,co**님,2020년 11월 28일,"후라이드 치킨/1,테라 병맥주/1",배달해주시는분도 너무 친절하고 빠른배송~뜨끈뜨끈한 치킨,5,5,5,----사장님 답글이 없어요 ----,https://rev-static.yogiyo.co.kr/6d105bb1ab67b93d3cb31ed76de9d3f4_tn.jpg
2020년 11월 27일,서초동,페리카나-서초동점,sm**님,2020년 11월 27일,다리＋날개/1(다리＋날개 소스 선택(양념)),배달빠르고 맛있어요 근데 다리날개세트에 다리가 원래4개인가요?양이 작긴해요..,4,4,4,----사장님 답글이 없어요 ----,https://rev-static.yogiyo.co.kr/a340972e4fe14c53ea79b518492478ea_tn.jpg
2020년 11월 25일,서초동,페리카나-서초동점,of**님,2020년 11월 25일,반반（후라이드 반＋양념 반）/1(치킨 선택(뼈있는 치킨)),콜라랑 치킨무가 없는데 요기요에서 시키면 원래 안주나요? 따로 시켜야되나요?,4,4,1,----사장님 답글이 없어요 ----,https://rev-static.yogiyo.co.kr/2bf777e07f4a548b55d8f7bf249dd8ae_tn.jpg
2020년 11월 25일,서초동,페리카나-서초동점,ss**님,2020년 11월 25일,6세트（순살후라이드＋순살뿌리오＋콜라 1.25L）/1(뿌리오 맛 선택(치즈)),1000원비싸도 순살100%다리살은 여기뿐입니다. 맛이 확실히 차이납니다.,5,5,5,----사장님 답글이 없어요 ----,https://rev-static.yogiyo.co.kr/762e964a28e610c701fc34302bc7910d_tn.jpg
2020년 11월 25일,서초동,페리카나-서초동점,jn**님,2020년 11월 25일,"반반（후라이드 반＋양념 반）/1(치킨 선택(순살 치킨),사이드 추가 선택(콜라 500mL 변경))",가족과 함께 잘 먹었습니다,5,5,5,----사장님 답글이 없어요 ----,이미지는 없어요
2020년 11월 25일,서초동,페리카나-서초동점,22**님,2020년 11월 25일,순살양념 치킨/1,양념치킨에 감자 떡 이런거 없어서 넘좋아요 닭다리살순살도 넘 좋구여,5,5,5,----사장님 답글이 없어요 ----,https://rev-static.yogiyo.co.kr/cbe18dcdcceecf06a04d4c9ba3fb870b_tn.jpg
2020년 11월 25일,서초동,페리카나-서초동점,hi**님,2020년 11월 25일,반반（후라이드 반＋양념 반）/1(치킨 선택(뼈있는 치킨)),배달도 빠르고 맛도 좋아요,5,5,5,----사장님 답글이 없어요 ----,이미지는 없어요
2020년 11월 24일,서초동,페리카나-서초동점,wi**님,2020년 11월 24일,"순살후라이드 치킨/1,순살양념 치킨/1",배달도 빠르구 항상 믿고시켜먹습니다!,5,5,5,----사장님 답글이 없어요 ----,이미지는 없어요
2020년 11월 24일,서초동,페리카나-서초동점,ja**님,2020년 11월 24일,순살후라이드 치킨/1,맛있었습니다 양도 많았고요,5,5,5,----사장님 답글이 없어요 ----,https://rev-static.yogiyo.co.kr/65e7d94db7ff9401ee1e9a53798887d0_tn.jpg
2020년 11월 23일,서초동,페리카나-서초동점,ni**님,2020년 11월 23일,골뱅이무침＋소면/1,여러번 시켜먹었는데 이번엔 조금 아쉬웠어요!이전보다 많이 매워지고 골뱅이 양이 너무 적었어요ㅠㅠ다음에 또 시켜먹을게요. 그 땐 다시 기대해도 되겠죠?!,4,5,5,----사장님 답글이 없어요 ----,이미지는 없어요
2020년 11월 22일,서초동,페리카나-서초동점,sp**님,2020년 11월 22일,반반（후라이드 반＋양념 반）/1(치킨 선택(뼈있는 치킨)),맛도 좋고 배송도 빨라요,5,5,5,----사장님 답글이 없어요 ----,https://rev-static.yogiyo.co.kr/be72404358c598b942e9cf925f89019d_tn.jpg
2020년 11월 22일,서초동,페리카나-서초동점,kd**님,2020년 11월 22일,B세트（후라이드＋양념치킨＋콜라 1.25L）/1(사이드 추가 선택(무 추가)),2마리 배불리 잘 먹었네요 ㅋㅋ,5,5,5,----사장님 답글이 없어요 ----,이미지는 없어요
2020년 11월 19일,서초동,페리카나-서초동점,an**님,2020년 11월 19일,순살후라이드 치킨/1(사이드 추가 선택(치즈스틱（6조각）추가)),맛있게 먹었습니다 감사합니다,4,4,4,----사장님 답글이 없어요 ----,이미지는 없어요
2020년 11월 13일,서초동,페리카나-서초동점,sm**님,2020년 11월 13일,매운양념치킨/1,음...쿠폰 원래 줬었는데....맛은 있어요 날개가 1개...,4,3,5,----사장님 답글이 없어요 ----,이미지는 없어요
2020년 11월 11일,서초동,페리카나-서초동점,ni**님,2020년 11월 11일,골뱅이무침＋소면/1,"메뉴가 약간 바꼈네욤, 가격을 살짝 올리셔서 섭섭하지만ㅠ 그래도 맛있어요또 시켜먹을게요",5,5,5,----사장님 답글이 없어요 ----,이미지는 없어요
2020년 11월 10일,서초동,페리카나-서초동점,aa**님,2020년 11월 10일,"반반（후라이드 반＋양념 반）/1(치킨 선택(뼈있는 치킨),사이드 추가 선택(떡사리 추가))",이번엔 양념에서 신맛이 평소보다 강했어요ㅠㅠ살짝 아쉬웠지만 괜찮아요,4,5,5,----사장님 답글이 없어요 ----,이미지는 없어요
2020년 11월 9일,서초동,페리카나-서초동점,jl**님,2020년 11월 9일,반반（후라이드 반＋양념 반）/1(치킨 선택(순살 치킨)),늘 맛있습니다 배달도 예정 시간보다 15분정도 빨리 왔네요,5,5,5,----사장님 답글이 없어요 ----,이미지는 없어요
2020년 11월 8일,서초동,페리카나-서초동점,kh**님,2020년 11월 8일,순살떡양념치킨/1,페리카나 순살떡양념이 치킨중에 최애에요...그중 이지점에서 젤 맛나게해요 꼭 여기서 시켜야함,5,5,5,----사장님 답글이 없어요 ----,이미지는 없어요
2020년 11월 5일,서초동,페리카나-서초동점,sy**님,2020년 11월 5일,반반（후라이드 반＋양념 반）/1(치킨 선택(뼈있는 치킨)),옛날 치킨 맛 넘 좋아요,5,5,5,----사장님 답글이 없어요 ----,이미지는 없어요
2020년 11월 3일,서초동,페리카나-서초동점,ma**님,2020년 11월 3일,순살간장 치킨/1,콜라가 펩시라 별 하나 빠짐,4,4,4,----사장님 답글이 없어요 ----,이미지는 없어요
2020년 11월 1일,서초동,페리카나-서초동점,cf**님,2020년 11월 1일,"후라이드 치킨/1,골뱅이무침＋소면/1",골뱅이소면 맛이 변했어요,3,5,5,----사장님 답글이 없어요 ----,이미지는 없어요
2020년 10월 30일,서초동,페리카나-서초동점,na**님,2020년 10월 30일,반반（후라이드 반＋양념 반）/1(치킨 선택(순살 치킨)),메뉴 특성상 감안하긴하지만 순살은 양이 너무 적네요,5,2,5,----사장님 답글이 없어요 ----,이미지는 없어요
2020년 10월 30일,서초동,페리카나-서초동점,al**님,2020년 10월 30일,순살양념 치킨/1(사이드 추가 선택(페리치즈볼 5개 추가)),페리카나는 순살양념이 진리라고 생각합니다..,5,5,5,----사장님 답글이 없어요 ----,이미지는 없어요
2020년 10월 25일,서초동,페리카나-서초동점,cs**님,2020년 10월 25일,반반（후라이드 반＋양념 반）/1(치킨 선택(뼈있는 치킨)),"배달도 정확하고, 치킨 맛도 좋습니다 ~^^",5,5,5,----사장님 답글이 없어요 ----,이미지는 없어요
2020년 10월 18일,서초동,페리카나-서초동점,ko**님,2020년 10월 18일,후라이드 치킨/1,좋아요 맛있어요굿굿,3,3,3,----사장님 답글이 없어요 ----,이미지는 없어요
2020년 10월 18일,서초동,페리카나-서초동점,zz**님,2020년 10월 18일,반반（후라이드 반＋핫양념 반）/1(치킨 선택(순살 치킨)),배달 빠르고 맛있어요,5,5,5,----사장님 답글이 없어요 ----,이미지는 없어요
2020년 10월 17일,서초동,페리카나-서초동점,   손님,2020년 10월 17일,"양념치킨（싱글）/1,페리치즈볼 5개/1",맛있어요 친절하구,5,5,5,----사장님 답글이 없어요 ----,이미지는 없어요
2020년 10월 17일,서초동,페리카나-서초동점,en**님,2020년 10월 17일,반반（후라이드 반＋양념 반）/1(치킨 선택(뼈있는 치킨)),양념은 역시 페리카나~~,5,5,5,----사장님 답글이 없어요 ----,이미지는 없어요
2020년 10월 17일,서초동,페리카나-서초동점,di**님,2020년 10월 17일,"반반（후라이드 반＋양념 반）/1(치킨 선택(뼈있는 치킨),사이드 추가 선택(떡사리 추가))",그냥 평타이상 입니당.,3,3,5,----사장님 답글이 없어요 ----,이미지는 없어요
2020년 10월 16일,서초동,페리카나-서초동점,sw**님,2020년 10월 16일,"순살떡양념치킨/1(사이드 추가 선택(사이다 1.25L 변경)),츄러스치즈볼 5개/1",맛있게 먹었습니다. 감사합니다^^,5,5,5,----사장님 답글이 없어요 ----,https://rev-static.yogiyo.co.kr/05e48ac29fa310bede9693f29a871b03_tn.jpg
2020년 10월 12일,서초동,페리카나-서초동점,an**님,2020년 10월 12일,F세트（후라이드＋뿌리오＋콜라1.25L）/1(뿌리오 맛 선택(치즈)),깨끗하고 맛도 좋고  다 좋은데 양이 좀 적어보이는 느낌입니다 기대가 컸던탓겠죠.. 5천원차이로 2마리 먹겠다고 아들이 우겨서 시킨건데 아들눈엔 적은양이었나봅니다 몇조각 남겨서 다음날아침치밥먹을생각에서요.. 배달은 일찍 온것같은대 전화도않고 문아 에서 식어가고있어서 아쉬웠어요.. 잘먹었습니다~ 근데 매운치킨은 좀 더 매웠으면 좋겠어요~,5,4,4,----사장님 답글이 없어요 ----,https://rev-static.yogiyo.co.kr/7704ce55f0dce46db7004e8c05b15cc2_tn.jpg
2020년 10월 11일,서초동,페리카나-서초동점,sp**님,2020년 10월 11일,반반（후라이드 반＋양념 반）/1(치킨 선택(뼈있는 치킨)),크어 너무 맛있네요 옛날의 그맛,5,5,5,----사장님 답글이 없어요 ----,https://rev-static.yogiyo.co.kr/2f2822b87adf2cf679cdd621177d194d_tn.jpg
2020년 10월 11일,서초동,페리카나-서초동점,ag**님,2020년 10월 11일,반반（양념 반＋간장 반）/1(치킨 선택(순살 치킨)),"다 먹어버려 사진이 없네요. 정갈한 포장, 양념도 넉넉히 넣어주시고, 치킨도 속은 부드럽고 겉은 바삭하게 튀겨져 먹는 내내 행복했어요!",5,5,5,----사장님 답글이 없어요 ----,이미지는 없어요
2020년 10월 3일,서초동,페리카나-서초동점,mi**님,2020년 10월 3일,E세트（후라이드＋떡양념치킨＋콜라 1.25L）/1,맛있어요 잘 먹엇습니다!!,5,5,5,----사장님 답글이 없어요 ----,https://rev-static.yogiyo.co.kr/4d5d564e5b9b20ef9a79b7a9dd9d28ef_tn.jpg
2020년 10월 3일,서초동,페리카나-서초동점,ra**님,2020년 10월 3일,반반（후라이드 반＋양념 반）/1(치킨 선택(뼈있는 치킨)),오..여기 맛있네요.후라이드반 양념반튀김옷 두께도 좋고 아주 고소해요,5,5,5,----사장님 답글이 없어요 ----,이미지는 없어요
2020년 9월 30일,서초동,페리카나-서초동점,ck**님,2020년 9월 30일,반반（후라이드 반＋양념 반）/1(치킨 선택(뼈있는 치킨)),한마리인데 너무 양이적습니다 일주일 3번정도는 치킨집 바꿔가며 시켜먹는데 양이젤적은것같네요... 맛은 옛날느낌이라 괜찮네요,4,4,5,----사장님 답글이 없어요 ----,이미지는 없어요
2020년 9월 23일,서초동,페리카나-서초동점,re**님,2020년 9월 23일,양념 치킨/1,늦지 않게 배달해 주셨어요.,3,3,3,----사장님 답글이 없어요 ----,이미지는 없어요
2020년 9월 23일,서초동,페리카나-서초동점,wi**님,2020년 9월 23일,반반（간장 반＋마늘 반）/1(치킨 선택(뼈있는 치킨)),굿이네요. 맛있게 잘 먹었습니다. 수고하셨습니다.,5,5,5,----사장님 답글이 없어요 ----,이미지는 없어요
2020년 9월 23일,서초동,페리카나-서초동점,lg**님,2020년 9월 23일,반반（후라이드 반＋양념 반）/1(치킨 선택(뼈있는 치킨)),맛있어요~근데 일회용 수저 안받겠다고 표시했는데 주셨어요 ㅠ,5,4,5,----사장님 답글이 없어요 ----,https://rev-static.yogiyo.co.kr/b14fa51f74482ba19ecc38bd788d6757_tn.jpg
2020년 9월 21일,서초동,페리카나-서초동점,wh**님,2020년 9월 21일,반반（후라이드 반＋양념 반）/1(치킨 선택(뼈있는 치킨)),옛날치킨 맛있어요.,5,5,5,----사장님 답글이 없어요 ----,이미지는 없어요
2020년 9월 19일,서초동,페리카나-서초동점,wh**님,2020년 9월 19일,반반（후라이드 반＋양념 반）/1(치킨 선택(뼈있는 치킨)),양도 괜찮고 맛있음 배달도 빠름,5,5,5,----사장님 답글이 없어요 ----,이미지는 없어요
2020년 9월 18일,서초동,페리카나-서초동점,sp**님,2020년 9월 18일,반반（후라이드 반＋양념 반）/1(치킨 선택(뼈있는 치킨)),배달도 빠르고 역시 맛있어요:),5,5,5,----사장님 답글이 없어요 ----,이미지는 없어요
2020년 9월 16일,서초동,페리카나-서초동점,   손님,2020년 9월 16일,누꼬진짬뽕（뼈있는치킨）/1,맛나요! 좋아요! 싱기방기해요!,4,4,4,----사장님 답글이 없어요 ----,이미지는 없어요
2020년 9월 15일,서초동,페리카나-서초동점,lo**님,2020년 9월 15일,반반（후라이드 반＋양념 반）/1(치킨 선택(뼈있는 치킨)),양이 적은거 같아요,4,2,4,----사장님 답글이 없어요 ----,https://rev-static.yogiyo.co.kr/f40f4297e0ce9237313a18b196f4ec17_tn.jpg
2020년 9월 15일,서초동,페리카나-서초동점,il**님,2020년 9월 15일,순살양념 치킨/1,배달도 빠르고 맛나요~,5,5,5,----사장님 답글이 없어요 ----,이미지는 없어요
2020년 9월 15일,서초동,페리카나-서초동점,zi**님,2020년 9월 15일,반반（후라이드 반＋양념 반）/1(치킨 선택(뼈있는 치킨)),바삭바삭하고ㅈ질리지않는 양념이매력적이내요,4,4,4,----사장님 답글이 없어요 ----,이미지는 없어요
2020년 9월 11일,서초동,페리카나-서초동점,jh**님,2020년 9월 11일,1세트（순살양념＋순살후라이드＋콜라 1.25L）/1,맛있게 잘 먹었습니다,5,5,5,----사장님 답글이 없어요 ----,https://rev-static.yogiyo.co.kr/5ab5c50e5dfc048658198c781978cf18_tn.jpg
2020년 9월 11일,서초동,페리카나-서초동점,ro**님,2020년 9월 11일,순살떡양념치킨/1,"순살떡양념치킨은 지난 세월동안, 내가 왜 다른 치킨을 먹었을까? 하는 후회가 드는 JMT임다",5,5,5,----사장님 답글이 없어요 ----,이미지는 없어요
2020년 9월 10일,서초동,페리카나-서초동점,id**님,2020년 9월 10일,"B세트（후라이드＋양념치킨＋콜라 1.25L）/1,생맥주 1000cc/1",맛도 좋고 빠른 배송,5,5,5,----사장님 답글이 없어요 ----,이미지는 없어요
2020년 9월 10일,서초동,페리카나-서초동점,le**님,2020년 9월 10일,반반（후라이드 반＋양념 반）/1(치킨 선택(순살 치킨)),양념이 맛있어요 자주 시켜먹을듯,5,5,5,----사장님 답글이 없어요 ----,이미지는 없어요
2020년 9월 10일,서초동,페리카나-서초동점,dj**님,2020년 9월 10일,B세트（후라이드＋양념치킨＋콜라 1.25L）/1,페리카나 맛나요♡♡,5,5,5,----사장님 답글이 없어요 ----,https://rev-static.yogiyo.co.kr/cc45029f23c502f48ce1402c3654d033_tn.jpg
2020년 9월 9일,서초동,페리카나-서초동점,hy**님,2020년 9월 9일,순살양념 치킨/1,맛있었어요! 잘 먹었습니다,5,5,5,----사장님 답글이 없어요 ----,https://rev-static.yogiyo.co.kr/3d0ea8d7e1905aba8a49957f5430fec8_tn.jpg
2020년 9월 8일,서초동,페리카나-서초동점,cy**님,2020년 9월 8일,양념 치킨/1(사이드 추가 선택(페리치즈볼 5개 추가)),맛있어요 앞으론 여기 찜입니다,5,3,5,----사장님 답글이 없어요 ----,https://rev-static.yogiyo.co.kr/688883bad943efc1da8bfd6b23daf06f_tn.jpg
2020년 9월 6일,서초동,페리카나-서초동점,di**님,2020년 9월 6일,"반반（후라이드 반＋양념 반）/1(치킨 선택(뼈있는 치킨),사이드 추가 선택(떡사리 추가))",평균 이상.무난했어요.,4,4,5,----사장님 답글이 없어요 ----,이미지는 없어요
2020년 9월 6일,서초동,페리카나-서초동점,wi**님,2020년 9월 6일,"순살마늘 치킨/1(사이드 추가 선택(무 추가,콜라 1.25L 변경)),진로 이즈백/1",정말 빨리 배달되고 생각대로 맛있어요^^,5,5,5,----사장님 답글이 없어요 ----,이미지는 없어요
2020년 9월 3일,서초동,페리카나-서초동점,mo**님,2020년 9월 3일,반반（후라이드 반＋양념 반）/1(치킨 선택(뼈있는 치킨)),여전히맛이납니다 많이파세요,5,5,5,----사장님 답글이 없어요 ----,이미지는 없어요
2020년 9월 2일,서초동,페리카나-서초동점,ch**님,2020년 9월 2일,"반반（후라이드 반＋양념 반）/1(치킨 선택(뼈있는 치킨),사이드 추가 선택(양념소스추가))",너무맛있어서 처음 사진을 못찍었네요 양념도 많고 역시 페리카나,5,5,5,----사장님 답글이 없어요 ----,https://rev-static.yogiyo.co.kr/2afb443ac4f1b8fe775c164a07f24cd2_tn.jpg
2020년 9월 1일,서초동,페리카나-서초동점,gy**님,2020년 9월 1일,반반（후라이드 반＋양념 반）/1(치킨 선택(뼈있는 치킨)),튀김 바삭하고 맛있어요,4,4,5,----사장님 답글이 없어요 ----,https://rev-static.yogiyo.co.kr/632464f6c9124428c261dacfbfebd446_tn.jpg
2020년 8월 31일,서초동,페리카나-서초동점,   손님,2020년 8월 31일,"양념 치킨/1(사이드 추가 선택(무 추가,양념소스추가))",맛있어요!!!!!!!,3,2,4,----사장님 답글이 없어요 ----,이미지는 없어요
2020년 8월 30일,서초동,페리카나-서초동점,vu**님,2020년 8월 30일,"후라이드 치킨/1,양념 치킨/1",맛은 보장 다만 배달이 조금 느려요ㅠ,5,4,4,----사장님 답글이 없어요 ----,이미지는 없어요
2020년 8월 25일,서초동,페리카나-서초동점,dl**님,2020년 8월 25일,반반（후라이드 반＋양념 반）/1(치킨 선택(순살 치킨)),맛있게 잘먹었습니다~^-^,5,5,5,----사장님 답글이 없어요 ----,이미지는 없어요
2020년 8월 24일,서초동,페리카나-서초동점,cz**님,2020년 8월 24일,다리＋날개/2(다리＋날개 소스 선택(후라이드)),맛있게 잘 먹었습니다,4,4,5,----사장님 답글이 없어요 ----,https://rev-static.yogiyo.co.kr/5ad990109b862df2c63f0839cd549778_tn.jpg
2020년 8월 22일,서초동,페리카나-서초동점,sb**님,2020년 8월 22일,순살마늘 치킨/1(사이드 추가 선택(콜라 500mL 변경)),맛있어여! 다음에 또 시킬게여,4,4,5,----사장님 답글이 없어요 ----,이미지는 없어요
2020년 8월 21일,서초동,페리카나-서초동점,sa**님,2020년 8월 21일,반반（후라이드 반＋양념 반）/1(치킨 선택(순살 치킨)),평소보다 치킨살이 많이 뻑뻑했어요. 서초점이 제일 맛있어서 매번 여기서 주문했었는데요. 이번엔 평소보다 뻑뻑하고 튀김도 두껍고 별로였네요.,3,5,5,----사장님 답글이 없어요 ----,이미지는 없어요
2020년 8월 20일,서초동,페리카나-서초동점,   손님,2020년 8월 20일,"반반（후라이드 반＋양념 반）/1(치킨 선택(뼈있는 치킨),사이드 추가 선택(무 추가))","바싹하고 부드러운 육질만족합니다,다시먹고싶은 치킨이네요^^",5,5,5,----사장님 답글이 없어요 ----,이미지는 없어요
2020년 8월 17일,서초동,페리카나-서초동점,cf**님,2020년 8월 17일,"후라이드 치킨/1,골뱅이무침＋소면/1,생맥주 1000cc/1",주문 요청사항 안보고 음식 만들어서 배달하나요??,1,1,1,----사장님 답글이 없어요 ----,이미지는 없어요
2020년 8월 14일,서초동,페리카나-서초동점,go**님,2020년 8월 14일,반반（후라이드 반＋양념 반）/1(치킨 선택(뼈있는 치킨)),맛잇게 잘먹었습니다 덕분에 배부르게 지내여,5,5,5,----사장님 답글이 없어요 ----,이미지는 없어요
2020년 8월 11일,서초동,페리카나-서초동점,tn**님,2020년 8월 11일,1세트（순살양념＋순살후라이드＋콜라 1.25L）/1(사이드 추가 선택(콜라 1.25L 변경)),전화부탁드렸는데 전화도 안주시고 문자만 보내셔서 식어서 먹었네요순살도 다 가슴살이네요,3,5,5,----사장님 답글이 없어요 ----,이미지는 없어요
2020년 8월 8일,서초동,페리카나-서초동점,ch**님,2020년 8월 8일,순살후라이드 치킨/1(사이드 추가 선택(콜라 500mL 변경)),저번이 시켜먹고 맛있어서 다시 시켜먹어요.단골이될것 같습니다~^^,5,5,5,----사장님 답글이 없어요 ----,이미지는 없어요
2020년 8월 7일,서초동,페리카나-서초동점,cz**님,2020년 8월 7일,"다리＋날개/1(다리＋날개 소스 선택(후라이드)),양념치킨（싱글）/1",맛있게 잘 먹었습니다,4,5,5,----사장님 답글이 없어요 ----,https://rev-static.yogiyo.co.kr/033bf127829b319cf170ca061a3263e2_tn.jpg
2020년 8월 7일,서초동,페리카나-서초동점,sa**님,2020년 8월 7일,"순살양념 치킨/1(사이드 추가 선택(무 추가,콜라 500mL 변경))",배달 조금 늦었지만 비오는 날 고생많으셨습니다. 맛있게 먹었어요,5,5,4,----사장님 답글이 없어요 ----,이미지는 없어요
2020년 8월 5일,서초동,페리카나-서초동점,mi**님,2020년 8월 5일,2세트（순살떡양념＋순살후라이드＋콜라 1.25L）/1,맛있어요~~! 치밥까지했어요 ㅎㅎ,5,5,5,----사장님 답글이 없어요 ----,https://rev-static.yogiyo.co.kr/00511df0f03a7ff4c6d4f1498ec6d987_tn.jpg
2020년 8월 5일,서초동,페리카나-서초동점,ns**님,2020년 8월 5일,B세트（후라이드＋양념치킨＋콜라 1.25L）/1,맛있어요. 양은 좀 적네요.,4,5,4,----사장님 답글이 없어요 ----,이미지는 없어요
2020년 8월 5일,서초동,페리카나-서초동점,jk**님,2020년 8월 5일,순살양념 치킨/1,맛있게 잘먹었습니다,5,5,5,----사장님 답글이 없어요 ----,https://rev-static.yogiyo.co.kr/5e2b7edc153966314f4e0afbeccb775b_tn.jpg
2020년 8월 5일,서초동,페리카나-서초동점,ni**님,2020년 8월 5일,순살후라이드 치킨/1,"바삭바삭 뜨겁고 담백고소 맛있어요,페리카나 만의 스타일이 있네요.양은 1인분 정도입니다.빠르게 가져다주셔서 잘 먹었습니다.",5,5,5,----사장님 답글이 없어요 ----,https://rev-static.yogiyo.co.kr/b993aa18c1619fa4709c4c49672a827e_tn.jpg
2020년 8월 5일,서초동,페리카나-서초동점,do**님,2020년 8월 5일,양념치킨（싱글）/1(사이드 추가 선택(사이다500mL 변경)),너무 맛있어서 둘이 먹다가 하나 저세상으로 떠났습니다...어떻게 책임지실건가요..? ㅎㅎ 잘먹었네요 재주문의사 100%,5,5,5,----사장님 답글이 없어요 ----,이미지는 없어요
2020년 8월 3일,서초동,페리카나-서초동점,zp**님,2020년 8월 3일,3세트（순살양념＋순살간장＋콜라 1.25L）/1,맛있었어욤! 감사합니다:)배달원도 친절하세용,5,5,5,----사장님 답글이 없어요 ----,https://rev-static.yogiyo.co.kr/ed396de491087338ff869283094a4709_tn.jpg
2020년 8월 3일,서초동,페리카나-서초동점,mu**님,2020년 8월 3일,"순살양념 치킨/1,페리치즈볼 5개/1",처음 시켰는데 양도많고 맛있네요,5,5,5,----사장님 답글이 없어요 ----,https://rev-static.yogiyo.co.kr/aa8a8b2c730d60bf798737de13f6a410_tn.jpg
2020년 8월 1일,서초동,페리카나-서초동점,   손님,2020년 8월 1일,후라이드치킨（싱글）/1(사이드 추가 선택(사이다500mL 변경)),배달도 빠르고 1인분 메뉴도 되서 넘 좋으네요~~,5,5,5,----사장님 답글이 없어요 ----,이미지는 없어요
2020년 7월 31일,서초동,페리카나-서초동점,ky**님,2020년 7월 31일,"반반（후라이드 반＋양념 반）/1(치킨 선택(뼈있는 치킨),사이드 추가 선택(무 추가,치즈스틱（6조각）추가,파 추가))","아직도 닭을 이렇게 튀김옷을 두껍게 하는 곳이 있네요.닭엔 살이 적고, 양념도 별로 아무튼 후라이드, 양념 둘 다 먹어봤지만 결론은 요근래 치킨 중 가장 별로입니다.이 곳이 아니라 그냥 페리카나 자체를 끊어야지 맘 먹었습니다.",1,1,5,----사장님 답글이 없어요 ----,이미지는 없어요
2020년 7월 30일,서초동,페리카나-서초동점,ch**님,2020년 7월 30일,순살후라이드 치킨/1,배달도 빠르고 맛있는데 양은 살짝 작네요^^;;,5,4,5,----사장님 답글이 없어요 ----,이미지는 없어요
2020년 7월 29일,서초동,페리카나-서초동점,sm**님,2020년 7월 29일,뿌리오치즈/1,치킨이 너무 딱딱해요.. 속살들은 너무 뻑뻑하고.. 오늘은 매우실망입니다,1,3,3,----사장님 답글이 없어요 ----,이미지는 없어요
2020년 7월 29일,서초동,페리카나-서초동점,de**님,2020년 7월 29일,"다리＋날개/1(다리＋날개 소스 선택(후라이드),사이드 추가 선택(골뱅이무침사리 추가)),양념치킨（싱글）/1(사이드 추가 선택(떡사리 추가))",너무너무 맛있어요.페리카나 치킨담에도 또 시켜 먹어야징..,5,5,5,----사장님 답글이 없어요 ----,이미지는 없어요
2020년 7월 28일,서초동,페리카나-서초동점,   손님,2020년 7월 28일,반반（후라이드 반＋양념 반）/1(치킨 선택(순살 치킨)),아잉~ 너무 맛있잖아요 돈이 부족한지라 좀 더 모아서 또 먹을거에욧!,5,5,5,----사장님 답글이 없어요 ----,이미지는 없어요
2020년 7월 26일,서초동,페리카나-서초동점,po**님,2020년 7월 26일,B세트（후라이드＋양념치킨＋콜라 1.25L）/1,오랜만에 시켰는데.. 보통입니다그리고 배달시 박스에 스티커로 막아 보내주시는건 여긴 없나요?,4,4,4,----사장님 답글이 없어요 ----,https://rev-static.yogiyo.co.kr/a3d5c02fdce8e93ab846988e1389edb9_tn.jpg
2020년 7월 25일,서초동,페리카나-서초동점,ma**님,2020년 7월 25일,"반반（후라이드반＋뿌리오치즈반）/1(치킨 선택(뼈있는 치킨),사이드 추가 선택(페리치즈볼 5개 추가))",기분 탓인지 늘 먹던 양보다 살짝 적은 것은 느낌이... 몇 번 더 먹어봐야 알 듯 하네요.,4,4,4,----사장님 답글이 없어요 ----,이미지는 없어요
2020년 7월 23일,서초동,페리카나-서초동점,ej**님,2020년 7월 23일,반반（후라이드 반＋양념 반）/1(치킨 선택(뼈있는 치킨)),새벽에 주문했는데 정말 빨리 와서 좋았어요!먹자마자 반반치킨의 정석이란 느낌 제대로 받았습니다.양은 딱 1인분인 것 같아요...그래도 맛있으니 만족스러워요!,5,4,5,----사장님 답글이 없어요 ----,https://rev-static.yogiyo.co.kr/e3deb954d405d0adaa8d31003dc400f3_tn.jpg
2020년 7월 23일,서초동,페리카나-서초동점,ps**님,2020년 7월 23일,"순살후라이드 치킨/2,순살양념 치킨/2,순살간장 치킨/2,페리치즈볼 5개/3",치킨 톡톡톡! 페릭라나! 치킨 톡톡톡! 페릭하나! 적절한 튀김옷과 어울러진 환상의 조합! 페릭하나 순살칙힌!,5,5,5,----사장님 답글이 없어요 ----,이미지는 없어요
2020년 7월 22일,서초동,페리카나-서초동점,du**님,2020년 7월 22일,반반（후라이드 반＋양념 반）/1(치킨 선택(뼈있는 치킨)),맛과 배달시비스가 만족스러웧어요,4,5,5,----사장님 답글이 없어요 ----,이미지는 없어요
2020년 7월 20일,서초동,페리카나-서초동점,to**님,2020년 7월 20일,후라이드치킨（싱글）/1,Very good thank you!,5,5,5,----사장님 답글이 없어요 ----,이미지는 없어요
2020년 6월 27일,서초동,페리카나-서초동점,mi**님,2020년 6월 27일,후라이드 치킨/1(사이드 추가 선택(콜라 500mL 변경)),맛있게 잘 먹었습니다.,5,4,5,----사장님 답글이 없어요 ----,이미지는 없어요
2020년 6월 26일,서초동,페리카나-서초동점,au**님,2020년 6월 26일,후라이드 반＋양념 반/1(치킨 선택(뼈있는 치킨)),늘 양념만 먹다가 후라이드랑 반반 첨 먹었은데 맛있네요!,4,4,5,----사장님 답글이 없어요 ----,이미지는 없어요
2020년 6월 26일,서초동,페리카나-서초동점,vi**님,2020년 6월 26일,양념 치킨/1,양념 치킨 시켰는데 닭다리에서 냄새가 나서 전화를 드렸더니 죄송하다면서 바로 교환을 해주셨습니다. 이때까지는 친절하다고 생각을 했어요. 그런데 교환받고 닭다리를 다시 먹는 순간 냄새가 나길래 전화를 다시 드렸습니다. 다른 조각들은 괜찮은데 다리 한 개가 냄새가 나서 말씀을 드렸더니 살짝 기분나빠하면서 오늘 80마리를 튀기는 동안 처음 들었다고 다시는 시키지말라고 대응하는 것을 보면서 어이가 조금 없었네요 본사와 내일 통화한다고 하시는데 솔직히 페리카나 좋아하는데 좀 그러네요 남은 것도 먹기가 좀 찝찝해지네요,1,4,5,----사장님 답글이 없어요 ----,https://rev-static.yogiyo.co.kr/ce5d335865c3528e5aa8400f0ef37e3b_tn.jpg
2020년 6월 24일,서초동,페리카나-서초동점,sw**님,2020년 6월 24일,후라이드 반＋양념 반/1(치킨 선택(뼈있는 치킨)),친절하고 빠른 배달 좋습니다,4,3,4,----사장님 답글이 없어요 ----,이미지는 없어요
2020년 6월 21일,서초동,페리카나-서초동점,   손님,2020년 6월 21일,양념 반＋간장 반/1(치킨 선택(순살 치킨)),순살 ㅈㅁ탱~!!! 입니다.솔직히 맛있네요.아들이랑 잘 나눠먹었어요.,5,5,5,----사장님 답글이 없어요 ----,이미지는 없어요
2020년 6월 20일,서초동,페리카나-서초동점,ye**님,2020년 6월 20일,순살양념 치킨/1(사이드 추가 선택(콜라 500mL 변경)),정말 맛있었어요!!!,5,5,5,----사장님 답글이 없어요 ----,https://rev-static.yogiyo.co.kr/923428b1af00a57cb8b84e71b6ef0c0a_tn.jpg
2020년 6월 19일,서초동,페리카나-서초동점,ji**님,2020년 6월 19일,후라이드 반＋양념 반/1(치킨 선택(순살 치킨)),배달 빠르고 맛잇엇습니다,4,4,5,----사장님 답글이 없어요 ----,https://rev-static.yogiyo.co.kr/d253c4accbefff1b0c70043acb9c8644_tn.jpg
2020년 6월 18일,서초동,페리카나-서초동점,lo**님,2020년 6월 18일,"후라이드 치킨/1(사이드 추가 선택(사이다 1.25L 변경,양념소스))",완전 맛나게잘먹었어요~~바싹하니 배송도빨랐구요~^^배고팠는데 정말잘먹었습니다!,5,5,5,----사장님 답글이 없어요 ----,https://rev-static.yogiyo.co.kr/3f0f118d041b32f700e8199c099f8c4d_tn.jpg
2020년 6월 18일,서초동,페리카나-서초동점,ye**님,2020년 6월 18일,"양념 반＋간장 반/1(치킨 선택(순살 치킨),사이드 추가 선택(콜라 1.25L 변경))",아주 맛있게 잘 먹었습니다!!,5,5,5,----사장님 답글이 없어요 ----,https://rev-static.yogiyo.co.kr/6e9e3684c0db43b7b9487fcbaa72234f_tn.jpg
2020년 6월 17일,서초동,페리카나-서초동점,do**님,2020년 6월 17일,후라이드 반＋양념 반/1(치킨 선택(순살 치킨)),너무 퍽퍽하고 질겨요,2,5,5,----사장님 답글이 없어요 ----,이미지는 없어요
2020년 6월 16일,서초동,페리카나-서초동점,rb**님,2020년 6월 16일,순살양념 치킨/1,맛이 과하지않고 담백합니다,5,5,5,----사장님 답글이 없어요 ----,이미지는 없어요
2020년 6월 16일,서초동,페리카나-서초동점,he**님,2020년 6월 16일,후라이드 반＋간장 반/1(치킨 선택(뼈있는 치킨)),배달이 예정시간보다 빨랐어요.살코기가 조금 더 많았으면 해요,5,5,5,----사장님 답글이 없어요 ----,이미지는 없어요
2020년 6월 15일,서초동,페리카나-서초동점,sa**님,2020년 6월 15일,후라이드 반＋양념 반/1(치킨 선택(뼈있는 치킨)),배달 빨리 왔어요그런대 주말이라 바빠서 막 튀긴 건지 튀김이 온전하지 않고 몇조각 살점이 떨어져있었어요...,4,3,5,----사장님 답글이 없어요 ----,이미지는 없어요
2020년 6월 15일,서초동,페리카나-서초동점,b7**님,2020년 6월 15일,후라이드 반＋양념 반/1(치킨 선택(뼈있는 치킨)),맛있게 잘먹었습니다!,5,5,5,----사장님 답글이 없어요 ----,이미지는 없어요
2020년 6월 15일,서초동,페리카나-서초동점,je**님,2020년 6월 15일,"1세트（순살양념＋순살후라이드＋콜라 1.25L）/1,생맥주 1000cc/1",매주시켜요 맛있어요,5,5,5,----사장님 답글이 없어요 ----,https://rev-static.yogiyo.co.kr/ece8c65b1c7c16f7a82a99454e6fb58f_tn.jpg
2020년 6월 14일,서초동,페리카나-서초동점,ju**님,2020년 6월 14일,C세트（후라이드＋간장치킨＋콜라 1.25L）/1,페리카나오랜만에먹는데 맛있어요~~,5,5,5,----사장님 답글이 없어요 ----,이미지는 없어요
2020년 6월 11일,서초동,페리카나-서초동점,wi**님,2020년 6월 11일,누꼬진짬뽕（순살）/1,맛은 기대했던것보단 약해서 아쉽지만 양하나는 기가막히네요,3,5,4,----사장님 답글이 없어요 ----,이미지는 없어요
2020년 6월 10일,서초동,페리카나-서초동점,ye**님,2020년 6월 10일,순살양념 치킨/1,너무 맛있게 잘 먹었어요!!!!!!!,5,5,5,----사장님 답글이 없어요 ----,https://rev-static.yogiyo.co.kr/2d48a001f3ea7f0dc75fcd5684494544_tn.jpg
2020년 6월 7일,서초동,페리카나-서초동점,de**님,2020년 6월 7일,순살양념 치킨/1(사이드 추가 선택(콜라 1.25L 변경)),너무 맛있어요 ㅠㅠ 최고입니다,5,5,5,----사장님 답글이 없어요 ----,https://rev-static.yogiyo.co.kr/5bf4b07909d3a741559ec6a96b24f48c_tn.jpg
2020년 6월 7일,서초동,페리카나-서초동점,ch**님,2020년 6월 7일,"순살양념 치킨/1(사이드 추가 선택(페리치즈볼 5개)),생맥주 1000cc/1",너무 맛있었어요! 다음에는 후라이드도 먹어보고싶네요 ㅎㅎ,5,5,5,----사장님 답글이 없어요 ----,이미지는 없어요
2020년 6월 7일,서초동,페리카나-서초동점,dj**님,2020년 6월 7일,"후라이드 반＋양념 반/1(치킨 선택(뼈있는 치킨),사이드 추가 선택(핫소스))",옛날 양념치킨 먹고파서 페리카나 처음먹어요 완전 옛날 양념맛이더라고요 굿 다음에는 후라이드에 양념맛 추가해서 먹고파요,4,5,5,----사장님 답글이 없어요 ----,https://rev-static.yogiyo.co.kr/96465e60f1aeecd879f2273f80a637db_tn.jpg
2020년 6월 6일,서초동,페리카나-서초동점,ye**님,2020년 6월 6일,후라이드 반＋양념 반/1(치킨 선택(뼈있는 치킨)),두 번째 시켰어요 바삭하고 맛있고 배달이 빠른 편인 거 같아요 :-),5,5,5,----사장님 답글이 없어요 ----,이미지는 없어요
2020년 6월 6일,서초동,페리카나-서초동점,je**님,2020년 6월 6일,"1세트（순살양념＋순살후라이드＋콜라 1.25L）/1,생맥주 1000cc/1",역시 페리카나 너무 맛있어요,5,5,5,----사장님 답글이 없어요 ----,https://rev-static.yogiyo.co.kr/71b76d6fce73d3856710e56ec1fd898f_tn.jpg
2020년 6월 5일,서초동,페리카나-서초동점,de**님,2020년 6월 5일,맵삭치킨/1(사이드 추가 선택(콜라 1.25L 변경)),정말 맛있게 잘 먹었습니다,5,5,5,----사장님 답글이 없어요 ----,이미지는 없어요
2020년 6월 4일,서초동,페리카나-서초동점,kt**님,2020년 6월 4일,1세트（순살양념＋순살후라이드＋콜라 1.25L）/1(사이드 추가 선택(무 추가)),깔끔하게 잘먹었습니당~,4,5,4,----사장님 답글이 없어요 ----,https://rev-static.yogiyo.co.kr/5e5a778a2d1aba61367dbbdddc0851d7_tn.jpg
2020년 5월 31일,서초동,페리카나-서초동점,42**님,2020년 5월 31일,후라이드 반＋양념 반/1(치킨 선택(순살 치킨)),맛있게 잘 먹었습니다!배달시 테이프 한번 붙여주시면 더 좋을 것 같아요.비오는날 시켰는데 박스 양옆에 손가락으로 열려고 했던 흔적이 그대로 남아서 열었던건지 조금 찝찝했습니다. 테이프 한번 붙여주시면 좀 더 안심 될 것 같습니다.,4,4,3,----사장님 답글이 없어요 ----,이미지는 없어요
2020년 5월 31일,서초동,페리카나-서초동점,sk**님,2020년 5월 31일,후라이드 치킨/1,배달빠르고 잘먹었슴다,5,5,5,----사장님 답글이 없어요 ----,https://rev-static.yogiyo.co.kr/2183ac1ba5eed76234e1caff701c4aa4_tn.jpg
2020년 5월 30일,서초동,페리카나-서초동점,sp**님,2020년 5월 30일,후라이드 반＋마늘 반/1(치킨 선택(뼈있는 치킨)),오랜만에 옛날맛 통닭 맛있기 먹었습니다!!,4,4,5,----사장님 답글이 없어요 ----,https://rev-static.yogiyo.co.kr/05b20f6273a5e455ba9a4e05f3a18eed_tn.jpg
2020년 5월 30일,서초동,페리카나-서초동점,3s**님,2020년 5월 30일,B세트（후라이드＋양념치킨＋콜라 1.25L）/1,1+1 이라서 많을것 같았는데너무 빨리 사라졌어요ㅠ옛날 통닭맛이 나서 좋았습니다양념치킨도 추억의 그맛이었어요,5,4,5,----사장님 답글이 없어요 ----,https://rev-static.yogiyo.co.kr/6218349178e62ffe6ef68248508ba940_tn.jpg
2020년 5월 24일,서초동,페리카나-서초동점,go**님,2020년 5월 24일,"후라이드 반＋양념 반/1(치킨 선택(뼈있는 치킨),사이드 추가 선택(무 추가))",걍그러네용 옛날맛이안나용ㅎ.ㅎ,3,3,3,----사장님 답글이 없어요 ----,이미지는 없어요
2020년 5월 23일,서초동,페리카나-서초동점,si**님,2020년 5월 23일,순살양념 치킨/1,맛잇습니다. 감사합니다.,5,5,5,----사장님 답글이 없어요 ----,이미지는 없어요
2020년 5월 23일,서초동,페리카나-서초동점,   손님,2020년 5월 23일,핫칠리치킨/1(사이드 추가 선택(무 추가)),핫칠리 치킨 너무달아요,4,5,5,----사장님 답글이 없어요 ----,이미지는 없어요
2020년 5월 22일,서초동,페리카나-서초동점,ha**님,2020년 5월 22일,"후라이드 반＋양념 반/1(치킨 선택(뼈있는 치킨),사이드 추가 선택(콜라 500mL 변경))",양이 좀 부족했어요 ㅠㅠ,5,3,5,----사장님 답글이 없어요 ----,이미지는 없어요
2020년 5월 22일,서초동,페리카나-서초동점,ju**님,2020년 5월 22일,"후라이드 반＋핫양념 반/3(치킨 선택(뼈있는 치킨)),콜라 1.25L/3,생맥주 1000cc/3",까다로운 주문이었는데 사장님께서 친절하게 처리해주셨네요.,5,5,5,----사장님 답글이 없어요 ----,이미지는 없어요
2020년 5월 20일,서초동,페리카나-서초동점,kj**님,2020년 5월 20일,누꼬진짬뽕（뼈있는치킨）/1,멍멍멍멍멍멍멍멍멍멍멀멍!!,5,5,5,----사장님 답글이 없어요 ----,이미지는 없어요
2020년 5월 18일,서초동,페리카나-서초동점,ab**님,2020년 5월 18일,순살양념 치킨/1(사이드 추가 선택(치즈스틱（6조각）)),맛있고 빨리 왔어요,5,5,5,----사장님 답글이 없어요 ----,이미지는 없어요
2020년 5월 17일,서초동,페리카나-서초동점,cf**님,2020년 5월 17일,"후라이드 반＋양념 반/1(치킨 선택(뼈있는 치킨)),골뱅이무침＋소면/1",치킨맛이ㅜ좀 변했어요,4,5,3,----사장님 답글이 없어요 ----,이미지는 없어요
2020년 5월 17일,서초동,페리카나-서초동점,eo**님,2020년 5월 17일,후라이드 치킨/1,바삭바삭 맛있어요.배달아저씨는 불친절,5,5,1,----사장님 답글이 없어요 ----,이미지는 없어요
2020년 5월 17일,서초동,페리카나-서초동점,ji**님,2020년 5월 17일,B세트（후라이드＋양념치킨＋콜라 1.25L）/1,안전히 빠르게 잘 받았고 맛도 괜찮습니다,4,4,5,----사장님 답글이 없어요 ----,https://rev-static.yogiyo.co.kr/28c07716a1d078868d821e2ff1de5d15_tn.jpg
2020년 5월 15일,서초동,페리카나-서초동점,   손님,2020년 5월 15일,"순살파닭치킨/1(순살 파닭 소스 선택(간장),사이드 추가 선택(콜라 500mL 변경))",달콤하고 바삭해서 맛있어요파채양두 적당했어요^^,3,4,4,----사장님 답글이 없어요 ----,이미지는 없어요
2020년 5월 14일,서초동,페리카나-서초동점,si**님,2020년 5월 14일,순살양념 치킨/1(사이드 추가 선택(사이다500mL 변경)),맛잇엇습나다. 감사합니다.,5,5,5,----사장님 답글이 없어요 ----,이미지는 없어요
2020년 5월 14일,서초동,페리카나-서초동점,re**님,2020년 5월 14일,후라이드 치킨/1,갓나온뜨거운후라이드치킨처럼완전뜨끈뜨끈했어요.맛도배달도대만족이에요.추억의오리지널치킨스타일완전좋아요.페리카나넘좋다요,5,5,5,----사장님 답글이 없어요 ----,https://rev-static.yogiyo.co.kr/e96bf1cf93f98dd54e174804d691fca2_tn.jpg
2020년 5월 13일,서초동,페리카나-서초동점,qw**님,2020년 5월 13일,후라이드 반＋양념 반/1(치킨 선택(순살 치킨)),페리카나 오랜만에 먹어보는데 맛은 여전하네요 1인 1닭 완료했습니다!,5,5,5,----사장님 답글이 없어요 ----,https://rev-static.yogiyo.co.kr/05569df940e78bb59289eca63857d285_tn.jpg
2020년 5월 13일,서초동,페리카나-서초동점,wj**님,2020년 5월 13일,"후라이드 반＋양념 반/1(치킨 선택(뼈있는 치킨),사이드 추가 선택(사이다500mL 변경))",물론 믿고 먹는 페리카나니까 배달도 빠르고 맛도 있었습니다. 근데 분명 젓가락 안 쓴다고 했고 문 앞에 두시고 전화 달라고 했는데 젓가락 넣어주시고 문 두드리셔서 좀 곤란했네요. 가족들 다 자고 있어서 안 깨우려고 전화 달라고 한 건데 이렇게 요청사항 다 무시하실거면 요청사항란 왜 있습니까. 먹기 전부터 기분 상해서 처음으로 리뷰 남겨보네요.,5,5,3,----사장님 답글이 없어요 ----,이미지는 없어요
2020년 5월 12일,서초동,페리카나-서초동점,nk**님,2020년 5월 12일,"후라이드 치킨/1,골뱅이무침＋소면/1",맛도 좋고 양도 많고 배달도 빠르고 다 좋았습니다,5,5,5,----사장님 답글이 없어요 ----,이미지는 없어요
2020년 5월 12일,서초동,페리카나-서초동점,   손님,2020년 5월 12일,후라이드 치킨/1,빠르고 늘 맛있습니다,4,5,5,----사장님 답글이 없어요 ----,이미지는 없어요
2020년 5월 12일,서초동,페리카나-서초동점,mu**님,2020년 5월 12일,후라이드 반＋간장 반/1(치킨 선택(순살 치킨)),오래 냉동되어있었던건지 살이 말랐네요 겉바속딱입니다 이빨 몇번 나갈뻔 그리고 뭔가 씁쓸한 맛이나요안에 살이 까매요,3,5,4,----사장님 답글이 없어요 ----,https://rev-static.yogiyo.co.kr/54b52c35428f038355dbca9f43e09380_tn.jpg
2020년 5월 6일,서초동,페리카나-서초동점,ku**님,2020년 5월 6일,후라이드 반＋양념 반/1(치킨 선택(뼈있는 치킨)),배달 빠르고 맛있네요,5,5,5,----사장님 답글이 없어요 ----,https://rev-static.yogiyo.co.kr/fbef3ece02736437438144c378e994c4_tn.jpg
2020년 5월 6일,서초동,페리카나-서초동점,oo**님,2020년 5월 6일,"순살양념 치킨/1(사이드 추가 선택(페리치즈볼 5개,콜라 1.25L 변경,츄러스치즈볼 5개,미니핫도그（2개）)),아사히/3",굿굿굿 베리굿굿굿,5,5,5,----사장님 답글이 없어요 ----,이미지는 없어요
2020년 5월 2일,서초동,페리카나-서초동점,ss**님,2020년 5월 2일,B세트（후라이드＋양념치킨＋콜라 1.25L）/1,페리카나 후라이드 양념 정통의 맛,5,5,5,----사장님 답글이 없어요 ----,이미지는 없어요
2020년 5월 1일,서초동,페리카나-서초동점,hy**님,2020년 5월 1일,후라이드 반＋양념 반/1(치킨 선택(순살 치킨)),믿고먹는 패리카아아아낭,5,5,5,----사장님 답글이 없어요 ----,이미지는 없어요
2020년 4월 30일,서초동,페리카나-서초동점,re**님,2020년 4월 30일,후라이드 반＋양념 반/1(치킨 선택(뼈있는 치킨)),추억의페리카나~어릴적먼던냄새그대로같아요.맛있게잘먹었습니다.튀김옷얇아서더맛있구요.또시켜먹을게요.,5,5,5,----사장님 답글이 없어요 ----,https://rev-static.yogiyo.co.kr/8bf4da6e1fada74164c03d99e9aee2fb_tn.jpg
2020년 4월 28일,서초동,페리카나-서초동점,su**님,2020년 4월 28일,"후라이드 반＋양념 반/1(치킨 선택(순살 치킨),사이드 추가 선택(콜라 1.25L 변경))",반반순살로 시켰어요 (후라이드&양념)따뜻하게 딱 맞게 배달이 오셔서 너무 좋네요!후라이드도 적당한 간에 맛있어요!양념도 두말할 것 없네요!,5,5,5,----사장님 답글이 없어요 ----,https://rev-static.yogiyo.co.kr/5e600b7e736c57c02048c3f05ab221c5_tn.jpg
2020년 4월 28일,서초동,페리카나-서초동점,sj**님,2020년 4월 28일,"후라이드 치킨/1(사이드 추가 선택(사이다 1.25L 변경)),3세트（순살양념＋순살간장＋콜라 1.25L）/1",맛있어요배달도 빨리왔어요,4,4,5,----사장님 답글이 없어요 ----,https://rev-static.yogiyo.co.kr/039d5a86ff3c22c78540f6b47205a8d7_tn.jpg
2020년 4월 26일,서초동,페리카나-서초동점,ks**님,2020년 4월 26일,순살양념 치킨/1,혼자 다 먹기 힘들 정도의 양이네요. 맛있었습니다.,5,5,5,----사장님 답글이 없어요 ----,https://rev-static.yogiyo.co.kr/065763b7c93cc2ccf65f72e79aa97f83_tn.jpg
2020년 4월 25일,서초동,페리카나-서초동점,li**님,2020년 4월 25일,"다리＋날개/1(다리＋날개 소스 선택(양념),사이드 추가 선택(떡사리 추가))",맛난거먹규 다먹엿어요   떡사리까지ㅎ맛잇게잘머것어용 감사합니다,5,5,5,----사장님 답글이 없어요 ----,https://rev-static.yogiyo.co.kr/37579697f0371971474ed46348f93f19_tn.jpg
2020년 4월 25일,서초동,페리카나-서초동점,yc**님,2020년 4월 25일,양념 치킨/1,역시 페리카나 양념 맛나요,5,5,5,----사장님 답글이 없어요 ----,이미지는 없어요
2020년 4월 24일,서초동,페리카나-서초동점,ti**님,2020년 4월 24일,양념치킨（싱글）/1,기본에 충실한 양념치킨이고 양도 괜찮아요,5,5,5,----사장님 답글이 없어요 ----,이미지는 없어요
2020년 4월 24일,서초동,페리카나-서초동점,ch**님,2020년 4월 24일,후라이드 반＋양념 반/1(치킨 선택(순살 치킨)),반반시켜먹어봤는데 너무 기름이 많은 느낌이었어요 ㅜ,3,3,5,----사장님 답글이 없어요 ----,이미지는 없어요
2020년 4월 24일,서초동,페리카나-서초동점,tj**님,2020년 4월 24일,양념치킨（싱글）/1,이벤트여서 그런지 좀 늦게 오긴 했지만...,5,5,5,----사장님 답글이 없어요 ----,이미지는 없어요
2020년 4월 23일,서초동,페리카나-서초동점,ha**님,2020년 4월 23일,후라이드 반＋양념 반/1(치킨 선택(뼈있는 치킨)),맛있어요~~~~~~,5,5,5,----사장님 답글이 없어요 ----,https://rev-static.yogiyo.co.kr/9462b7b3bad8467d525aa08f6ea99729_tn.jpg
2020년 4월 23일,서초동,페리카나-서초동점,il**님,2020년 4월 23일,후라이드 치킨/1,후라이드 치킨 먹었는데 맛있어요~,5,5,5,----사장님 답글이 없어요 ----,https://rev-static.yogiyo.co.kr/ed431b73715a818ee5bf2607fb95ce16_tn.jpg
2020년 4월 22일,서초동,페리카나-서초동점,si**님,2020년 4월 22일,"A세트（후라이드＋후라이드＋콜라 1.25L）/1,생맥주 1000cc/2",맛은 있었음. 1+1 세트가 1마리 반 양인 줄 알았으면 안 시켰음.속았다고 생각할 그딴 메뉴는 왜 만들었는지 실망.더 큰 실망은 주소만 보고 온 배달직원이 나한테 화냄.주소대로 오면 야간에 잠기는 문이라서 배달사항에 근처 2층 유리문으로 오라고 했음그 글을 안 보고 주소 적힌 데로만 와서 오히려 나한테 화냄. 최근 주문한 치킨집 중 최악,3,2,1,----사장님 답글이 없어요 ----,이미지는 없어요
2020년 4월 21일,서초동,페리카나-서초동점,yo**님,2020년 4월 21일,"후라이드 반＋양념 반/1(치킨 선택(뼈있는 치킨)),페리치즈볼 5개/1",양념 in my mouth mmmhm 좋아요,5,5,5,----사장님 답글이 없어요 ----,이미지는 없어요
2020년 4월 21일,서초동,페리카나-서초동점,40**님,2020년 4월 21일,후라이드 반＋양념 반/1(치킨 선택(뼈있는 치킨)),"저번에는 닭에 후추가 많이 뿌려져있어서..왜그러지했고, 이번엔 먹으면서 상한건가? 싶을 만큼 맛? 냄새? 뭔지 모르겠는데 먹으면서 계속 생가되었어요ㅠ염지인가? 그걸 바꾸는 중이신가요? 흑흑배달 너무 친절하게 해주셔서 좋은말쓰고싶은데 흑흑그래도 찝찝함빼면 진짜 맛나는곳임",3,5,5,----사장님 답글이 없어요 ----,이미지는 없어요
2020년 4월 20일,서초동,페리카나-서초동점,ri**님,2020년 4월 20일,1세트（순살양념＋순살후라이드＋콜라 1.25L）/1(사이드 추가 선택(무 추가)),맛있게 잘 먹었어요~,5,5,5,----사장님 답글이 없어요 ----,이미지는 없어요
2020년 4월 19일,서초동,페리카나-서초동점,si**님,2020년 4월 19일,순살양념 치킨/1,이날따라 치킨이 너무 튀겨져서 고무처럼 딱딱해서 먹기 조금 힘들었습니다. 그러나 여기 순살 양념이 제일 맛잇다는거 알기에 조금만 더 신경써주세요.,4,5,5,----사장님 답글이 없어요 ----,이미지는 없어요
2020년 4월 19일,서초동,페리카나-서초동점,de**님,2020년 4월 19일,"후라이드 반＋핫양념 반/1(치킨 선택(뼈있는 치킨),사이드 추가 선택(떡사리 추가))",페리카나양념에떡추가는진리,5,5,5,----사장님 답글이 없어요 ----,https://rev-static.yogiyo.co.kr/999278f25b24dd90225dfb1d77f572ea_tn.jpg
2020년 4월 15일,서초동,페리카나-서초동점,in**님,2020년 4월 15일,양념 치킨/1,맛있게 잘 먹었습니다~,5,5,5,----사장님 답글이 없어요 ----,https://rev-static.yogiyo.co.kr/34a01031d16131989b2f0598c0574667_tn.jpg
2020년 4월 13일,서초동,페리카나-서초동점,pk**님,2020년 4월 13일,양념 반＋마늘 반/1(치킨 선택(뼈있는 치킨)),가격대비 맛이 괜찮아요,5,5,4,----사장님 답글이 없어요 ----,이미지는 없어요
2020년 4월 12일,서초동,페리카나-서초동점,cm**님,2020년 4월 12일,후라이드 반＋양념 반/1(치킨 선택(뼈있는 치킨)),옛날 어릴때 시켜먹던 그 맛이 나오네요 근데 한가지 아쉬운것은 양이 예전보다 조금 줄었어요 그래도 양념도 맛있었고 후라이드도 바싹하니 맛있게 먹었습니다.맥주랑 같이 먹으니까 진정한 치맥을 느낄수가 있었습니다.,5,4,5,----사장님 답글이 없어요 ----,이미지는 없어요
2020년 4월 12일,서초동,페리카나-서초동점,sk**님,2020년 4월 12일,순살양념 치킨/1,맛있게 잘먹었습니다 ~~~~~,5,5,5,----사장님 답글이 없어요 ----,이미지는 없어요
2020년 4월 12일,서초동,페리카나-서초동점,sk**님,2020년 4월 12일,순살양념 치킨/1,맛있게 잘먹었습니다 ~~~~~,5,5,5,----사장님 답글이 없어요 ----,이미지는 없어요
2020년 4월 12일,서초동,페리카나-서초동점,se**님,2020년 4월 12일,후라이드 반＋양념 반/1(치킨 선택(뼈있는 치킨)),"저번에는 정말 맛있게 먹었는데, 이번에는 닭 상태가 넘 안좋아서 아쉬웠어요.",3,5,5,----사장님 답글이 없어요 ----,https://rev-static.yogiyo.co.kr/d285d5c538e93a71ca4fc917661e4bdd_tn.jpg
2020년 4월 10일,서초동,페리카나-서초동점,fi**님,2020년 4월 10일,후라이드 반＋마늘 반/1(치킨 선택(뼈있는 치킨)),맛있게 잘 먹었습니다.,5,5,5,----사장님 답글이 없어요 ----,이미지는 없어요
2020년 4월 9일,서초동,페리카나-서초동점,fs**님,2020년 4월 9일,맵삭치킨/1(사이드 추가 선택(양념소스)),맛있게 잘먹었습니다~~~,5,5,5,----사장님 답글이 없어요 ----,https://rev-static.yogiyo.co.kr/332ab3dd1840aa00c9bdc5d4c394cf8f_tn.jpg
2020년 4월 9일,서초동,페리카나-서초동점,st**님,2020년 4월 9일,"후라이드 반＋양념 반/1(치킨 선택(뼈있는 치킨),사이드 추가 선택(무 추가,콜라 1.25L 변경))",다른지점에 비해 덜푸짐하고 더 말라비틀어짐 낫굿,3,3,5,----사장님 답글이 없어요 ----,이미지는 없어요
2020년 4월 8일,서초동,페리카나-서초동점,   손님,2020년 4월 8일,후라이드 반＋양념 반/1(치킨 선택(뼈있는 치킨)),예상시간보다 빠른배송 감사드립니다~~~혼자먹기 좋은양입니다~~~맛있게 먹었습니다 ~~~,5,5,5,----사장님 답글이 없어요 ----,https://rev-static.yogiyo.co.kr/73f380b175cedb4ef2e0006ed12273e3_tn.jpg
